sst_size_mb,input_sst_count,value_size,method_group,method_key,method_label,speedup,speedup_std,details,speedup_min,cpu_mean_ms,cpu_std_ms,gpu_mean_ms,gpu_std_ms,log_path
8,32,32,cpu,subcomp_16,sub 16,3.0333881824123656,0.0430423537972818,"RocksDB speedup vs subcomp=1 (mean rocksdb.compaction.times.micros ratio), subcomp=16",,,,,,
8,32,32,cpu,subcomp_2,sub 2,1.7970039603018797,0.0147080328308073,"RocksDB speedup vs subcomp=1 (mean rocksdb.compaction.times.micros ratio), subcomp=2",,,,,,
8,32,32,cpu,subcomp_4,sub 4,3.1307611398680124,0.0319098270655051,"RocksDB speedup vs subcomp=1 (mean rocksdb.compaction.times.micros ratio), subcomp=4",,,,,,
8,32,32,cpu,subcomp_8,sub 8,3.774331262303012,0.1208624780847752,"RocksDB speedup vs subcomp=1 (mean rocksdb.compaction.times.micros ratio), subcomp=8",,,,,,
8,32,32,gpu,c_paper_without_plan,c_no_plan,3.40296304496227,0.03849985590676735,GPComp speedup computed from mean CPU/GPU wall time; std uses propagated timing stddev,3.46,1844.44,1.77,542.01,6.11,/home/1755_project/invalidation-aware-caching/atest/initial_gpu_cpu_compaction_microbenchmark/8mb_sst_32sst_full/sweep_gpu_breakdown/result_val32B_c_paper_without_plan.log
8,32,32,gpu,c_paper_with_plan,c_plan,3.3530652699729027,0.02504527219615638,GPComp speedup computed from mean CPU/GPU wall time; std uses propagated timing stddev,3.38,1843.75,2.29,549.87,4.05,/home/1755_project/invalidation-aware-caching/atest/initial_gpu_cpu_compaction_microbenchmark/8mb_sst_32sst_full/sweep_gpu_breakdown/result_val32B_c_paper_with_plan.log
8,32,32,gpu,q_paper_without_plan,q_no_plan,5.077443028196215,0.03376668098373917,GPComp speedup computed from mean CPU/GPU wall time; std uses propagated timing stddev,5.12,1840.37,1.14,362.46,2.4,/home/1755_project/invalidation-aware-caching/atest/initial_gpu_cpu_compaction_microbenchmark/8mb_sst_32sst_full/sweep_gpu_breakdown/result_val32B_q_paper_without_plan.log
8,32,32,gpu,q_paper_with_plan,q_plan,4.979070899356444,0.05867144511358571,GPComp speedup computed from mean CPU/GPU wall time; std uses propagated timing stddev,5.06,1841.36,1.96,369.82,4.34,/home/1755_project/invalidation-aware-caching/atest/initial_gpu_cpu_compaction_microbenchmark/8mb_sst_32sst_full/sweep_gpu_breakdown/result_val32B_q_paper_with_plan.log
8,32,64,cpu,subcomp_16,sub 16,2.4957037381028395,0.0275348126847549,"RocksDB speedup vs subcomp=1 (mean rocksdb.compaction.times.micros ratio), subcomp=16",,,,,,
8,32,64,cpu,subcomp_2,sub 2,1.7935505050310565,0.014224121819521,"RocksDB speedup vs subcomp=1 (mean rocksdb.compaction.times.micros ratio), subcomp=2",,,,,,
8,32,64,cpu,subcomp_4,sub 4,2.9828940226745457,0.0231586624831511,"RocksDB speedup vs subcomp=1 (mean rocksdb.compaction.times.micros ratio), subcomp=4",,,,,,
8,32,64,cpu,subcomp_8,sub 8,3.169742848409129,0.1332154899736882,"RocksDB speedup vs subcomp=1 (mean rocksdb.compaction.times.micros ratio), subcomp=8",,,,,,
8,32,64,gpu,c_paper_without_plan,c_no_plan,2.4741382408971644,0.01596954882911288,GPComp speedup computed from mean CPU/GPU wall time; std uses propagated timing stddev,2.5,1376.66,0.97,556.42,3.57,/home/1755_project/invalidation-aware-caching/atest/initial_gpu_cpu_compaction_microbenchmark/8mb_sst_32sst_full/sweep_gpu_breakdown/result_val64B_c_paper_without_plan.log
8,32,64,gpu,c_paper_with_plan,c_plan,2.481514116166157,0.011215087258568651,GPComp speedup computed from mean CPU/GPU wall time; std uses propagated timing stddev,2.49,1379.97,0.64,556.1,2.5,/home/1755_project/invalidation-aware-caching/atest/initial_gpu_cpu_compaction_microbenchmark/8mb_sst_32sst_full/sweep_gpu_breakdown/result_val64B_c_paper_with_plan.log
8,32,64,gpu,q_paper_without_plan,q_no_plan,3.798082237205704,0.049095845067904105,GPComp speedup computed from mean CPU/GPU wall time; std uses propagated timing stddev,3.82,1374.45,1.55,361.88,4.66,/home/1755_project/invalidation-aware-caching/atest/initial_gpu_cpu_compaction_microbenchmark/8mb_sst_32sst_full/sweep_gpu_breakdown/result_val64B_q_paper_without_plan.log
8,32,64,gpu,q_paper_with_plan,q_plan,3.680646535655323,0.05241164837242522,GPComp speedup computed from mean CPU/GPU wall time; std uses propagated timing stddev,3.73,1382.23,3.12,375.54,5.28,/home/1755_project/invalidation-aware-caching/atest/initial_gpu_cpu_compaction_microbenchmark/8mb_sst_32sst_full/sweep_gpu_breakdown/result_val64B_q_paper_with_plan.log
8,32,128,cpu,subcomp_16,sub 16,2.0061079058105755,0.0554933715696763,"RocksDB speedup vs subcomp=1 (mean rocksdb.compaction.times.micros ratio), subcomp=16",,,,,,
8,32,128,cpu,subcomp_2,sub 2,1.8048523730312585,0.0306895796494105,"RocksDB speedup vs subcomp=1 (mean rocksdb.compaction.times.micros ratio), subcomp=2",,,,,,
8,32,128,cpu,subcomp_4,sub 4,2.84113482671175,0.0532260106501113,"RocksDB speedup vs subcomp=1 (mean rocksdb.compaction.times.micros ratio), subcomp=4",,,,,,
8,32,128,cpu,subcomp_8,sub 8,2.575568516030155,0.1246672798116052,"RocksDB speedup vs subcomp=1 (mean rocksdb.compaction.times.micros ratio), subcomp=8",,,,,,
8,32,128,gpu,c_paper_without_plan,c_no_plan,1.8051713659551742,0.017410612863371647,GPComp speedup computed from mean CPU/GPU wall time; std uses propagated timing stddev,1.81,980.19,7.86,542.99,2.91,/home/1755_project/invalidation-aware-caching/atest/initial_gpu_cpu_compaction_microbenchmark/8mb_sst_32sst_full/sweep_gpu_breakdown/result_val128B_c_paper_without_plan.log
8,32,128,gpu,c_paper_with_plan,c_plan,1.803496978713244,0.022252918044674535,GPComp speedup computed from mean CPU/GPU wall time; std uses propagated timing stddev,1.83,981.95,3.51,544.47,6.43,/home/1755_project/invalidation-aware-caching/atest/initial_gpu_cpu_compaction_microbenchmark/8mb_sst_32sst_full/sweep_gpu_breakdown/result_val128B_c_paper_with_plan.log
8,32,128,gpu,q_paper_without_plan,q_no_plan,2.7252131750543387,0.030564054941472817,GPComp speedup computed from mean CPU/GPU wall time; std uses propagated timing stddev,2.74,977.97,3.84,358.86,3.77,/home/1755_project/invalidation-aware-caching/atest/initial_gpu_cpu_compaction_microbenchmark/8mb_sst_32sst_full/sweep_gpu_breakdown/result_val128B_q_paper_without_plan.log
8,32,128,gpu,q_paper_with_plan,q_plan,2.7094331217284773,0.02742791284922818,GPComp speedup computed from mean CPU/GPU wall time; std uses propagated timing stddev,2.74,973.12,3.49,359.16,3.4,/home/1755_project/invalidation-aware-caching/atest/initial_gpu_cpu_compaction_microbenchmark/8mb_sst_32sst_full/sweep_gpu_breakdown/result_val128B_q_paper_with_plan.log
8,32,256,cpu,subcomp_16,sub 16,1.4894936631991191,0.0460068785804391,"RocksDB speedup vs subcomp=1 (mean rocksdb.compaction.times.micros ratio), subcomp=16",,,,,,
8,32,256,cpu,subcomp_2,sub 2,1.700689776975382,0.0231577786578166,"RocksDB speedup vs subcomp=1 (mean rocksdb.compaction.times.micros ratio), subcomp=2",,,,,,
8,32,256,cpu,subcomp_4,sub 4,2.481851505374291,0.0302749066033653,"RocksDB speedup vs subcomp=1 (mean rocksdb.compaction.times.micros ratio), subcomp=4",,,,,,
8,32,256,cpu,subcomp_8,sub 8,2.0152605367696927,0.1017653586156714,"RocksDB speedup vs subcomp=1 (mean rocksdb.compaction.times.micros ratio), subcomp=8",,,,,,
8,32,256,gpu,c_paper_without_plan,c_no_plan,1.4987571557698103,0.020293677557374767,GPComp speedup computed from mean CPU/GPU wall time; std uses propagated timing stddev,1.5,795.9,8.22,531.04,4.65,/home/1755_project/invalidation-aware-caching/atest/initial_gpu_cpu_compaction_microbenchmark/8mb_sst_32sst_full/sweep_gpu_breakdown/result_val256B_c_paper_without_plan.log
8,32,256,gpu,c_paper_with_plan,c_plan,1.478978923065465,0.010544850687225065,GPComp speedup computed from mean CPU/GPU wall time; std uses propagated timing stddev,1.49,794.33,2.77,537.08,3.34,/home/1755_project/invalidation-aware-caching/atest/initial_gpu_cpu_compaction_microbenchmark/8mb_sst_32sst_full/sweep_gpu_breakdown/result_val256B_c_paper_with_plan.log
8,32,256,gpu,q_paper_without_plan,q_no_plan,2.261340206185567,0.022049053311202868,GPComp speedup computed from mean CPU/GPU wall time; std uses propagated timing stddev,2.28,789.66,2.81,349.2,3.17,/home/1755_project/invalidation-aware-caching/atest/initial_gpu_cpu_compaction_microbenchmark/8mb_sst_32sst_full/sweep_gpu_breakdown/result_val256B_q_paper_without_plan.log
8,32,256,gpu,q_paper_with_plan,q_plan,2.2786294738055446,0.016489674346311288,GPComp speedup computed from mean CPU/GPU wall time; std uses propagated timing stddev,2.28,790.73,4.52,347.02,1.54,/home/1755_project/invalidation-aware-caching/atest/initial_gpu_cpu_compaction_microbenchmark/8mb_sst_32sst_full/sweep_gpu_breakdown/result_val256B_q_paper_with_plan.log
8,32,512,cpu,subcomp_16,sub 16,1.2791544926819387,0.049847261191473,"RocksDB speedup vs subcomp=1 (mean rocksdb.compaction.times.micros ratio), subcomp=16",,,,,,
8,32,512,cpu,subcomp_2,sub 2,1.637849660503699,0.0233741754195526,"RocksDB speedup vs subcomp=1 (mean rocksdb.compaction.times.micros ratio), subcomp=2",,,,,,
8,32,512,cpu,subcomp_4,sub 4,2.31010011120974,0.0281017483331313,"RocksDB speedup vs subcomp=1 (mean rocksdb.compaction.times.micros ratio), subcomp=4",,,,,,
8,32,512,cpu,subcomp_8,sub 8,1.7268231016950717,0.0637162629736547,"RocksDB speedup vs subcomp=1 (mean rocksdb.compaction.times.micros ratio), subcomp=8",,,,,,
8,32,512,gpu,c_paper_without_plan,c_no_plan,1.2128646310333402,0.01591925013966145,GPComp speedup computed from mean CPU/GPU wall time; std uses propagated timing stddev,1.23,622.43,2.51,513.19,6.41,/home/1755_project/invalidation-aware-caching/atest/initial_gpu_cpu_compaction_microbenchmark/8mb_sst_32sst_full/sweep_gpu_breakdown/result_val512B_c_paper_without_plan.log
8,32,512,gpu,c_paper_with_plan,c_plan,1.2054810316331628,0.006802078874054056,GPComp speedup computed from mean CPU/GPU wall time; std uses propagated timing stddev,1.21,627.26,1.24,520.34,2.75,/home/1755_project/invalidation-aware-caching/atest/initial_gpu_cpu_compaction_microbenchmark/8mb_sst_32sst_full/sweep_gpu_breakdown/result_val512B_c_paper_with_plan.log
8,32,512,gpu,q_paper_without_plan,q_no_plan,1.882644878196399,0.022379025241868616,GPComp speedup computed from mean CPU/GPU wall time; std uses propagated timing stddev,1.91,622.12,2.14,330.45,3.76,/home/1755_project/invalidation-aware-caching/atest/initial_gpu_cpu_compaction_microbenchmark/8mb_sst_32sst_full/sweep_gpu_breakdown/result_val512B_q_paper_without_plan.log
8,32,512,gpu,q_paper_with_plan,q_plan,1.8969361884106668,0.016222108725721635,GPComp speedup computed from mean CPU/GPU wall time; std uses propagated timing stddev,1.91,621.0,0.77,327.37,2.77,/home/1755_project/invalidation-aware-caching/atest/initial_gpu_cpu_compaction_microbenchmark/8mb_sst_32sst_full/sweep_gpu_breakdown/result_val512B_q_paper_with_plan.log
8,32,1024,cpu,subcomp_16,sub 16,1.1897301683416843,0.0531348332840487,"RocksDB speedup vs subcomp=1 (mean rocksdb.compaction.times.micros ratio), subcomp=16",,,,,,
8,32,1024,cpu,subcomp_2,sub 2,1.4505641156077766,0.0420188302554483,"RocksDB speedup vs subcomp=1 (mean rocksdb.compaction.times.micros ratio), subcomp=2",,,,,,
8,32,1024,cpu,subcomp_4,sub 4,1.8314081089844847,0.0541051902808102,"RocksDB speedup vs subcomp=1 (mean rocksdb.compaction.times.micros ratio), subcomp=4",,,,,,
8,32,1024,cpu,subcomp_8,sub 8,1.6024931645070737,0.125128436657403,"RocksDB speedup vs subcomp=1 (mean rocksdb.compaction.times.micros ratio), subcomp=8",,,,,,
8,32,1024,gpu,c_paper_without_plan,c_no_plan,1.1663476188615853,0.008565488188381782,GPComp speedup computed from mean CPU/GPU wall time; std uses propagated timing stddev,1.17,597.1,2.58,511.94,3.04,/home/1755_project/invalidation-aware-caching/atest/initial_gpu_cpu_compaction_microbenchmark/8mb_sst_32sst_full/sweep_gpu_breakdown/result_val1024B_c_paper_without_plan.log
8,32,1024,gpu,c_paper_with_plan,c_plan,1.13844759774813,0.00781671758588008,GPComp speedup computed from mean CPU/GPU wall time; std uses propagated timing stddev,1.14,590.49,2.22,518.68,2.98,/home/1755_project/invalidation-aware-caching/atest/initial_gpu_cpu_compaction_microbenchmark/8mb_sst_32sst_full/sweep_gpu_breakdown/result_val1024B_c_paper_with_plan.log
8,32,1024,gpu,q_paper_without_plan,q_no_plan,1.8554161142117112,0.02138018645148173,GPComp speedup computed from mean CPU/GPU wall time; std uses propagated timing stddev,1.87,601.73,2.05,324.31,3.57,/home/1755_project/invalidation-aware-caching/atest/initial_gpu_cpu_compaction_microbenchmark/8mb_sst_32sst_full/sweep_gpu_breakdown/result_val1024B_q_paper_without_plan.log
8,32,1024,gpu,q_paper_with_plan,q_plan,1.779236241331071,0.028805265953651547,GPComp speedup computed from mean CPU/GPU wall time; std uses propagated timing stddev,1.81,597.77,2.78,335.97,5.21,/home/1755_project/invalidation-aware-caching/atest/initial_gpu_cpu_compaction_microbenchmark/8mb_sst_32sst_full/sweep_gpu_breakdown/result_val1024B_q_paper_with_plan.log
