job,output_level,num_output_files,total_output_size_bytes,num_input_records,num_output_records,num_subcompactions,input_summary,compaction_desc,compaction_reason,input_data_size_bytes,wall_us,cpu_us,write_io_us,read_io_us,file_write_nanos,file_fsync_nanos,file_range_sync_nanos,file_prepare_write_nanos,has_io_stats,pattern,wall_ms,cpu_ms,read_io_ms,write_io_ms,label,sst_size_mb,input_data_mb,requested_input_sst_count,value_size,requested_subcompactions,repeat_index
3,1,33,271054439,258108,257944,1,35@L0,35@L0 → 33@L1,LevelL0FilesNum,271320875,348720,150668,50591.494,147460.506,49974251,0,0,617243,True,L0->L1,348.72,150.668,147.46050599999998,50.591494,"sst=8MB, input=32sst (256MB), value=1024B, sub=1",8,256,32,1024,1,1
3,1,33,271054439,258108,257944,1,35@L0,35@L0 → 33@L1,LevelL0FilesNum,271320875,331970,137901,50057.578,144011.422,49502657,0,0,554921,True,L0->L1,331.97,137.901,144.01142199999998,50.057578,"sst=8MB, input=32sst (256MB), value=1024B, sub=1",8,256,32,1024,1,2
3,1,33,271054439,258108,257944,1,35@L0,35@L0 → 33@L1,LevelL0FilesNum,271320875,341645,142296,49845.664,149503.336,49250706,0,0,594958,True,L0->L1,341.645,142.296,149.50333600000002,49.845664,"sst=8MB, input=32sst (256MB), value=1024B, sub=1",8,256,32,1024,1,3
3,1,33,271054439,258108,257944,1,35@L0,35@L0 → 33@L1,LevelL0FilesNum,271320875,337174,146809,50453.377,139911.623,49895722,0,0,557655,True,L0->L1,337.174,146.809,139.911623,50.453377,"sst=8MB, input=32sst (256MB), value=1024B, sub=1",8,256,32,1024,1,4
3,1,33,271054439,258108,257944,1,35@L0,35@L0 → 33@L1,LevelL0FilesNum,271320875,342296,139266,51800.864,151229.136,51230150,0,0,570714,True,L0->L1,342.296,139.266,151.229136,51.800864000000004,"sst=8MB, input=32sst (256MB), value=1024B, sub=1",8,256,32,1024,1,5
3,1,41,271064277,258108,257944,14,35@L0,35@L0 → 41@L1,LevelL0FilesNum,271320875,296926,847542,184746.677,0.0,181090289,0,0,3656388,True,L0->L1,296.926,847.542,0.0,184.746677,"sst=8MB, input=32sst (256MB), value=1024B, sub=16",8,256,32,1024,16,1
3,1,41,271064277,258108,257944,14,35@L0,35@L0 → 41@L1,LevelL0FilesNum,271320875,295655,830416,178250.657,0.0,174934980,0,0,3315677,True,L0->L1,295.655,830.416,0.0,178.25065700000002,"sst=8MB, input=32sst (256MB), value=1024B, sub=16",8,256,32,1024,16,2
3,1,41,271064277,258108,257944,14,35@L0,35@L0 → 41@L1,LevelL0FilesNum,271320875,288193,712334,316762.674,0.0,313579745,0,0,3182929,True,L0->L1,288.193,712.334,0.0,316.762674,"sst=8MB, input=32sst (256MB), value=1024B, sub=16",8,256,32,1024,16,3
3,1,41,271064277,258108,257944,14,35@L0,35@L0 → 41@L1,LevelL0FilesNum,271320875,266361,723518,180664.899,0.0,177429905,0,0,3234994,True,L0->L1,266.361,723.518,0.0,180.664899,"sst=8MB, input=32sst (256MB), value=1024B, sub=16",8,256,32,1024,16,4
3,1,41,271064277,258108,257944,14,35@L0,35@L0 → 41@L1,LevelL0FilesNum,271320875,280944,796879,153311.286,0.0,149923704,0,0,3387582,True,L0->L1,280.944,796.879,0.0,153.311286,"sst=8MB, input=32sst (256MB), value=1024B, sub=16",8,256,32,1024,16,5
3,1,33,271054391,258108,257944,2,35@L0,35@L0 → 33@L1,LevelL0FilesNum,271320875,241650,156995,52607.418,32047.582000000002,52000414,0,0,607004,True,L0->L1,241.65,156.995,32.047582000000006,52.607417999999996,"sst=8MB, input=32sst (256MB), value=1024B, sub=2",8,256,32,1024,2,1
3,1,33,271054391,258108,257944,2,35@L0,35@L0 → 33@L1,LevelL0FilesNum,271320875,235835,154847,56592.605,24395.394999999997,55967731,0,0,624874,True,L0->L1,235.835,154.847,24.395394999999997,56.592605000000006,"sst=8MB, input=32sst (256MB), value=1024B, sub=2",8,256,32,1024,2,2
3,1,33,271054391,258108,257944,2,35@L0,35@L0 → 33@L1,LevelL0FilesNum,271320875,235099,154520,51604.719,28974.281000000003,51006128,0,0,598591,True,L0->L1,235.099,154.52,28.974281,51.604718999999996,"sst=8MB, input=32sst (256MB), value=1024B, sub=2",8,256,32,1024,2,3
3,1,33,271054391,258108,257944,2,35@L0,35@L0 → 33@L1,LevelL0FilesNum,271320875,255354,157480,53481.981,44392.019,52861099,0,0,620882,True,L0->L1,255.354,157.48,44.392019,53.481981,"sst=8MB, input=32sst (256MB), value=1024B, sub=2",8,256,32,1024,2,4
3,1,33,271054391,258108,257944,2,35@L0,35@L0 → 33@L1,LevelL0FilesNum,271320875,240532,155838,59321.529,25372.470999999998,58714991,0,0,606538,True,L0->L1,240.532,155.838,25.372470999999997,59.321529000000005,"sst=8MB, input=32sst (256MB), value=1024B, sub=2",8,256,32,1024,2,5
3,1,55,271082109,258108,257944,28,35@L0,35@L0 → 55@L1,LevelL0FilesNum,271320875,479651,1046244,250553.454,0.0,239943794,0,0,10609660,True,L0->L1,479.651,1046.244,0.0,250.553454,"sst=8MB, input=32sst (256MB), value=1024B, sub=32",8,256,32,1024,32,1
3,1,55,271082109,258108,257944,28,35@L0,35@L0 → 55@L1,LevelL0FilesNum,271320875,449353,977779,199174.53,0.0,194554811,0,0,4619719,True,L0->L1,449.353,977.779,0.0,199.17453,"sst=8MB, input=32sst (256MB), value=1024B, sub=32",8,256,32,1024,32,2
3,1,55,271082109,258108,257944,28,35@L0,35@L0 → 55@L1,LevelL0FilesNum,271320875,461532,1047114,289221.249,0.0,284575958,0,0,4645291,True,L0->L1,461.532,1047.114,0.0,289.221249,"sst=8MB, input=32sst (256MB), value=1024B, sub=32",8,256,32,1024,32,3
3,1,55,271082109,258108,257944,28,35@L0,35@L0 → 55@L1,LevelL0FilesNum,271320875,484363,904713,353738.141,0.0,350124229,0,0,3613912,True,L0->L1,484.363,904.713,0.0,353.738141,"sst=8MB, input=32sst (256MB), value=1024B, sub=32",8,256,32,1024,32,4
3,1,55,271082109,258108,257944,28,35@L0,35@L0 → 55@L1,LevelL0FilesNum,271320875,439513,885293,338382.837,0.0,332941322,0,0,5441515,True,L0->L1,439.513,885.293,0.0,338.382837,"sst=8MB, input=32sst (256MB), value=1024B, sub=32",8,256,32,1024,32,5
3,1,35,271056909,258108,257944,4,35@L0,35@L0 → 35@L1,LevelL0FilesNum,271320875,186711,173594,68406.925,0.0,67704958,0,0,701967,True,L0->L1,186.711,173.594,0.0,68.406925,"sst=8MB, input=32sst (256MB), value=1024B, sub=4",8,256,32,1024,4,1
3,1,35,271056909,258108,257944,4,35@L0,35@L0 → 35@L1,LevelL0FilesNum,271320875,185062,170303,62996.518,0.0,62230259,0,0,766259,True,L0->L1,185.062,170.303,0.0,62.996517999999995,"sst=8MB, input=32sst (256MB), value=1024B, sub=4",8,256,32,1024,4,2
3,1,35,271056909,258108,257944,4,35@L0,35@L0 → 35@L1,LevelL0FilesNum,271320875,189615,173641,68735.741,0.0,68047606,0,0,688135,True,L0->L1,189.615,173.641,0.0,68.73574099999999,"sst=8MB, input=32sst (256MB), value=1024B, sub=4",8,256,32,1024,4,3
3,1,35,271056909,258108,257944,4,35@L0,35@L0 → 35@L1,LevelL0FilesNum,271320875,187663,178186,63108.984,0.0,62366350,0,0,742634,True,L0->L1,187.663,178.186,0.0,63.108984,"sst=8MB, input=32sst (256MB), value=1024B, sub=4",8,256,32,1024,4,4
3,1,35,271056909,258108,257944,4,35@L0,35@L0 → 35@L1,LevelL0FilesNum,271320875,188189,171560,67020.08,0.0,66363204,0,0,656876,True,L0->L1,188.189,171.56,0.0,67.02008000000001,"sst=8MB, input=32sst (256MB), value=1024B, sub=4",8,256,32,1024,4,5
3,1,35,271056922,258108,257944,7,35@L0,35@L0 → 35@L1,LevelL0FilesNum,271320875,223537,463620,110903.397,0.0,108590965,0,0,2312432,True,L0->L1,223.537,463.62,0.0,110.903397,"sst=8MB, input=32sst (256MB), value=1024B, sub=8",8,256,32,1024,8,1
3,1,35,271056922,258108,257944,7,35@L0,35@L0 → 35@L1,LevelL0FilesNum,271320875,201918,385112,105646.869,0.0,103847065,0,0,1799804,True,L0->L1,201.918,385.112,0.0,105.64686900000001,"sst=8MB, input=32sst (256MB), value=1024B, sub=8",8,256,32,1024,8,2
3,1,35,271056922,258108,257944,7,35@L0,35@L0 → 35@L1,LevelL0FilesNum,271320875,191715,367827,109849.266,0.0,108252594,0,0,1596672,True,L0->L1,191.715,367.827,0.0,109.849266,"sst=8MB, input=32sst (256MB), value=1024B, sub=8",8,256,32,1024,8,3
3,1,35,271056922,258108,257944,7,35@L0,35@L0 → 35@L1,LevelL0FilesNum,271320875,209469,480432,98989.649,0.0,96779025,0,0,2210624,True,L0->L1,209.469,480.432,0.0,98.989649,"sst=8MB, input=32sst (256MB), value=1024B, sub=8",8,256,32,1024,8,4
3,1,35,271056922,258108,257944,7,35@L0,35@L0 → 35@L1,LevelL0FilesNum,271320875,240876,544626,108073.378,0.0,105494185,0,0,2579193,True,L0->L1,240.876,544.626,0.0,108.07337799999999,"sst=8MB, input=32sst (256MB), value=1024B, sub=8",8,256,32,1024,8,5
3,1,34,284763269,1863950,1855606,1,41@L0,41@L0 → 34@L1,LevelL0FilesNum,286983331,740798,532000,53491.816,155306.184,52892367,0,0,599449,True,L0->L1,740.798,532.0,155.306184,53.491816,"sst=8MB, input=32sst (256MB), value=128B, sub=1",8,256,32,128,1,1
3,1,34,284763269,1863950,1855606,1,41@L0,41@L0 → 34@L1,LevelL0FilesNum,286983331,743440,527316,52764.199,163359.801,52184065,0,0,580134,True,L0->L1,743.44,527.316,163.359801,52.764199,"sst=8MB, input=32sst (256MB), value=128B, sub=1",8,256,32,128,1,2
3,1,34,284763269,1863950,1855606,1,41@L0,41@L0 → 34@L1,LevelL0FilesNum,286983331,742401,527615,52846.41,161939.59,52247679,0,0,598731,True,L0->L1,742.401,527.615,161.93959,52.846410000000006,"sst=8MB, input=32sst (256MB), value=128B, sub=1",8,256,32,128,1,3
3,1,34,284763269,1863950,1855606,1,41@L0,41@L0 → 34@L1,LevelL0FilesNum,286983331,730617,526090,53114.942,151412.058,52523999,0,0,590943,True,L0->L1,730.617,526.09,151.412058,53.114942,"sst=8MB, input=32sst (256MB), value=128B, sub=1",8,256,32,128,1,4
3,1,34,284763269,1863950,1855606,1,41@L0,41@L0 → 34@L1,LevelL0FilesNum,286983331,772076,547663,53256.8,171156.2,52600650,0,0,656150,True,L0->L1,772.076,547.663,171.1562,53.256800000000005,"sst=8MB, input=32sst (256MB), value=128B, sub=1",8,256,32,128,1,5
3,1,47,284779348,1863950,1855606,16,41@L0,41@L0 → 47@L1,LevelL0FilesNum,286983331,376881,1564923,133892.827,0.0,131526645,0,0,2366182,True,L0->L1,376.881,1564.923,0.0,133.89282699999998,"sst=8MB, input=32sst (256MB), value=128B, sub=16",8,256,32,128,16,1
3,1,47,284779348,1863950,1855606,16,41@L0,41@L0 → 47@L1,LevelL0FilesNum,286983331,381429,1494650,133796.417,0.0,131729260,0,0,2067157,True,L0->L1,381.429,1494.65,0.0,133.796417,"sst=8MB, input=32sst (256MB), value=128B, sub=16",8,256,32,128,16,2
3,1,47,284779348,1863950,1855606,16,41@L0,41@L0 → 47@L1,LevelL0FilesNum,286983331,359372,1423823,133342.485,0.0,131215445,0,0,2127040,True,L0->L1,359.372,1423.823,0.0,133.34248499999998,"sst=8MB, input=32sst (256MB), value=128B, sub=16",8,256,32,128,16,3
3,1,47,284779348,1863950,1855606,16,41@L0,41@L0 → 47@L1,LevelL0FilesNum,286983331,394040,1649328,155564.035,0.0,152872519,0,0,2691516,True,L0->L1,394.04,1649.328,0.0,155.564035,"sst=8MB, input=32sst (256MB), value=128B, sub=16",8,256,32,128,16,4
3,1,47,284779348,1863950,1855606,16,41@L0,41@L0 → 47@L1,LevelL0FilesNum,286983331,374383,1459437,149256.549,0.0,147304039,0,0,1952510,True,L0->L1,374.383,1459.437,0.0,149.256549,"sst=8MB, input=32sst (256MB), value=128B, sub=16",8,256,32,128,16,5
3,1,35,284764538,1863950,1855606,2,41@L0,41@L0 → 35@L1,LevelL0FilesNum,286983331,429945,563817,54664.946,0.0,54015015,0,0,649931,True,L0->L1,429.945,563.817,0.0,54.664946,"sst=8MB, input=32sst (256MB), value=128B, sub=2",8,256,32,128,2,1
3,1,35,284764538,1863950,1855606,2,41@L0,41@L0 → 35@L1,LevelL0FilesNum,286983331,426488,571272,53662.136,0.0,53030681,0,0,631455,True,L0->L1,426.488,571.272,0.0,53.662136,"sst=8MB, input=32sst (256MB), value=128B, sub=2",8,256,32,128,2,2
3,1,35,284764538,1863950,1855606,2,41@L0,41@L0 → 35@L1,LevelL0FilesNum,286983331,425412,562987,54651.307,0.0,53989052,0,0,662255,True,L0->L1,425.412,562.987,0.0,54.651307,"sst=8MB, input=32sst (256MB), value=128B, sub=2",8,256,32,128,2,3
3,1,35,284764538,1863950,1855606,2,41@L0,41@L0 → 35@L1,LevelL0FilesNum,286983331,427479,575023,55301.856,0.0,54651660,0,0,650196,True,L0->L1,427.479,575.023,0.0,55.301856,"sst=8MB, input=32sst (256MB), value=128B, sub=2",8,256,32,128,2,4
3,1,35,284764538,1863950,1855606,2,41@L0,41@L0 → 35@L1,LevelL0FilesNum,286983331,426566,556041,53301.312,0.0,52673707,0,0,627605,True,L0->L1,426.566,556.041,0.0,53.301311999999996,"sst=8MB, input=32sst (256MB), value=128B, sub=2",8,256,32,128,2,5
3,1,63,284800122,1863950,1855606,32,41@L0,41@L0 → 63@L1,LevelL0FilesNum,286983331,643756,1967556,692161.284,0.0,688111825,0,0,4049459,True,L0->L1,643.756,1967.556,0.0,692.161284,"sst=8MB, input=32sst (256MB), value=128B, sub=32",8,256,32,128,32,1
3,1,63,284800122,1863950,1855606,32,41@L0,41@L0 → 63@L1,LevelL0FilesNum,286983331,586613,1626133,266069.349,0.0,261647642,0,0,4421707,True,L0->L1,586.613,1626.133,0.0,266.069349,"sst=8MB, input=32sst (256MB), value=128B, sub=32",8,256,32,128,32,2
3,1,63,284800122,1863950,1855606,32,41@L0,41@L0 → 63@L1,LevelL0FilesNum,286983331,631922,1873481,316244.861,0.0,312309733,0,0,3935128,True,L0->L1,631.922,1873.481,0.0,316.24486099999996,"sst=8MB, input=32sst (256MB), value=128B, sub=32",8,256,32,128,32,3
3,1,63,284800122,1863950,1855606,32,41@L0,41@L0 → 63@L1,LevelL0FilesNum,286983331,621357,1891413,239251.086,0.0,235344428,0,0,3906658,True,L0->L1,621.357,1891.413,0.0,239.25108600000002,"sst=8MB, input=32sst (256MB), value=128B, sub=32",8,256,32,128,32,4
3,1,63,284800122,1863950,1855606,32,41@L0,41@L0 → 63@L1,LevelL0FilesNum,286983331,614455,1681486,310869.754,0.0,306002096,0,0,4867658,True,L0->L1,614.455,1681.486,0.0,310.869754,"sst=8MB, input=32sst (256MB), value=128B, sub=32",8,256,32,128,32,5
3,1,36,284765629,1863950,1855606,4,41@L0,41@L0 → 36@L1,LevelL0FilesNum,286983331,268906,587521,69757.381,0.0,69014003,0,0,743378,True,L0->L1,268.906,587.521,0.0,69.757381,"sst=8MB, input=32sst (256MB), value=128B, sub=4",8,256,32,128,4,1
3,1,36,284765629,1863950,1855606,4,41@L0,41@L0 → 36@L1,LevelL0FilesNum,286983331,262570,581515,62954.198,0.0,62258564,0,0,695634,True,L0->L1,262.57,581.515,0.0,62.954198,"sst=8MB, input=32sst (256MB), value=128B, sub=4",8,256,32,128,4,2
3,1,36,284765629,1863950,1855606,4,41@L0,41@L0 → 36@L1,LevelL0FilesNum,286983331,264399,583514,69545.49,0.0,68821757,0,0,723733,True,L0->L1,264.399,583.514,0.0,69.54549,"sst=8MB, input=32sst (256MB), value=128B, sub=4",8,256,32,128,4,3
3,1,36,284765629,1863950,1855606,4,41@L0,41@L0 → 36@L1,LevelL0FilesNum,286983331,261388,582049,63827.388,0.0,63136391,0,0,690997,True,L0->L1,261.388,582.049,0.0,63.827388,"sst=8MB, input=32sst (256MB), value=128B, sub=4",8,256,32,128,4,4
3,1,36,284765629,1863950,1855606,4,41@L0,41@L0 → 36@L1,LevelL0FilesNum,286983331,269923,601676,58749.642,0.0,57958690,0,0,790952,True,L0->L1,269.923,601.676,0.0,58.749642,"sst=8MB, input=32sst (256MB), value=128B, sub=4",8,256,32,128,4,5
3,1,39,284769536,1863950,1855606,8,41@L0,41@L0 → 39@L1,LevelL0FilesNum,286983331,257634,753364,113473.666,0.0,112436981,0,0,1036685,True,L0->L1,257.634,753.364,0.0,113.473666,"sst=8MB, input=32sst (256MB), value=128B, sub=8",8,256,32,128,8,1
3,1,39,284769536,1863950,1855606,8,41@L0,41@L0 → 39@L1,LevelL0FilesNum,286983331,290417,1015777,80739.036,0.0,79219465,0,0,1519571,True,L0->L1,290.417,1015.777,0.0,80.739036,"sst=8MB, input=32sst (256MB), value=128B, sub=8",8,256,32,128,8,2
3,1,39,284769536,1863950,1855606,8,41@L0,41@L0 → 39@L1,LevelL0FilesNum,286983331,255084,768239,72818.451,0.0,71658137,0,0,1160314,True,L0->L1,255.084,768.239,0.0,72.818451,"sst=8MB, input=32sst (256MB), value=128B, sub=8",8,256,32,128,8,3
3,1,39,284769536,1863950,1855606,8,41@L0,41@L0 → 39@L1,LevelL0FilesNum,286983331,311171,1008106,78232.043,0.0,76702756,0,0,1529287,True,L0->L1,311.171,1008.106,0.0,78.232043,"sst=8MB, input=32sst (256MB), value=128B, sub=8",8,256,32,128,8,4
3,1,39,284769536,1863950,1855606,8,41@L0,41@L0 → 39@L1,LevelL0FilesNum,286983331,313881,1082944,86973.81,0.0,85141937,0,0,1831873,True,L0->L1,313.881,1082.944,0.0,86.97381,"sst=8MB, input=32sst (256MB), value=128B, sub=8",8,256,32,128,8,5
3,1,33,277348004,986843,984468,1,38@L0,38@L0 → 33@L1,LevelL0FilesNum,278410014,527645,310904,51261.735,165479.265,50682910,0,0,578825,True,L0->L1,527.645,310.904,165.47926500000003,51.261735,"sst=8MB, input=32sst (256MB), value=256B, sub=1",8,256,32,256,1,1
3,1,33,277348004,986843,984468,1,38@L0,38@L0 → 33@L1,LevelL0FilesNum,278410014,515350,318301,52095.498,144953.502,51505324,0,0,590174,True,L0->L1,515.35,318.301,144.95350200000001,52.095498,"sst=8MB, input=32sst (256MB), value=256B, sub=1",8,256,32,256,1,2
3,1,33,277348004,986843,984468,1,38@L0,38@L0 → 33@L1,LevelL0FilesNum,278410014,518701,325907,52433.807,140360.193,51838021,0,0,595786,True,L0->L1,518.701,325.907,140.360193,52.433807,"sst=8MB, input=32sst (256MB), value=256B, sub=1",8,256,32,256,1,3
3,1,33,277348004,986843,984468,1,38@L0,38@L0 → 33@L1,LevelL0FilesNum,278410014,513775,312014,51065.909,150695.09100000001,50488152,0,0,577757,True,L0->L1,513.775,312.014,150.69509100000002,51.065909,"sst=8MB, input=32sst (256MB), value=256B, sub=1",8,256,32,256,1,4
3,1,33,277348004,986843,984468,1,38@L0,38@L0 → 33@L1,LevelL0FilesNum,278410014,519112,317162,52028.926,149921.074,51445514,0,0,583412,True,L0->L1,519.112,317.162,149.921074,52.028926,"sst=8MB, input=32sst (256MB), value=256B, sub=1",8,256,32,256,1,5
3,1,47,277366043,986843,984468,16,38@L0,38@L0 → 47@L1,LevelL0FilesNum,278410014,346380,1240468,246639.688,0.0,243990312,0,0,2649376,True,L0->L1,346.38,1240.468,0.0,246.639688,"sst=8MB, input=32sst (256MB), value=256B, sub=16",8,256,32,256,16,1
3,1,47,277366043,986843,984468,16,38@L0,38@L0 → 47@L1,LevelL0FilesNum,278410014,345512,1164305,229452.281,0.0,227065402,0,0,2386879,True,L0->L1,345.512,1164.305,0.0,229.452281,"sst=8MB, input=32sst (256MB), value=256B, sub=16",8,256,32,256,16,2
3,1,47,277366043,986843,984468,16,38@L0,38@L0 → 47@L1,LevelL0FilesNum,278410014,338710,1165311,186087.972,0.0,183616993,0,0,2470979,True,L0->L1,338.71,1165.311,0.0,186.087972,"sst=8MB, input=32sst (256MB), value=256B, sub=16",8,256,32,256,16,3
3,1,47,277366043,986843,984468,16,38@L0,38@L0 → 47@L1,LevelL0FilesNum,278410014,330122,1097378,212042.502,0.0,208487966,0,0,3554536,True,L0->L1,330.122,1097.378,0.0,212.042502,"sst=8MB, input=32sst (256MB), value=256B, sub=16",8,256,32,256,16,4
3,1,47,277366043,986843,984468,16,38@L0,38@L0 → 47@L1,LevelL0FilesNum,278410014,339085,1110287,214615.427,0.0,212322755,0,0,2292672,True,L0->L1,339.085,1110.287,0.0,214.61542699999998,"sst=8MB, input=32sst (256MB), value=256B, sub=16",8,256,32,256,16,5
3,1,33,277348444,986843,984468,2,38@L0,38@L0 → 33@L1,LevelL0FilesNum,278410014,306020,335574,57533.684,0.0,56927710,0,0,605974,True,L0->L1,306.02,335.574,0.0,57.533684,"sst=8MB, input=32sst (256MB), value=256B, sub=2",8,256,32,256,2,1
3,1,33,277348444,986843,984468,2,38@L0,38@L0 → 33@L1,LevelL0FilesNum,278410014,301110,331464,54406.831,0.0,53789025,0,0,617806,True,L0->L1,301.11,331.464,0.0,54.406831,"sst=8MB, input=32sst (256MB), value=256B, sub=2",8,256,32,256,2,2
3,1,33,277348444,986843,984468,2,38@L0,38@L0 → 33@L1,LevelL0FilesNum,278410014,295891,330206,56891.604,0.0,56246832,0,0,644772,True,L0->L1,295.891,330.206,0.0,56.891604,"sst=8MB, input=32sst (256MB), value=256B, sub=2",8,256,32,256,2,3
3,1,33,277348444,986843,984468,2,38@L0,38@L0 → 33@L1,LevelL0FilesNum,278410014,305009,339606,59220.953,0.0,58585558,0,0,635395,True,L0->L1,305.009,339.606,0.0,59.220953,"sst=8MB, input=32sst (256MB), value=256B, sub=2",8,256,32,256,2,4
3,1,33,277348444,986843,984468,2,38@L0,38@L0 → 33@L1,LevelL0FilesNum,278410014,299955,330436,56044.633,0.0,55447365,0,0,597268,True,L0->L1,299.955,330.436,0.0,56.044633000000005,"sst=8MB, input=32sst (256MB), value=256B, sub=2",8,256,32,256,2,5
3,1,63,277386593,986843,984468,32,38@L0,38@L0 → 63@L1,LevelL0FilesNum,278410014,626546,1256371,448156.495,0.0,445248202,0,0,2908293,True,L0->L1,626.546,1256.371,0.0,448.156495,"sst=8MB, input=32sst (256MB), value=256B, sub=32",8,256,32,256,32,1
3,1,63,277386593,986843,984468,32,38@L0,38@L0 → 63@L1,LevelL0FilesNum,278410014,596823,1283643,312827.451,0.0,309583631,0,0,3243820,True,L0->L1,596.823,1283.643,0.0,312.827451,"sst=8MB, input=32sst (256MB), value=256B, sub=32",8,256,32,256,32,2
3,1,63,277386593,986843,984468,32,38@L0,38@L0 → 63@L1,LevelL0FilesNum,278410014,588081,1276426,311339.143,0.0,303807566,0,0,7531577,True,L0->L1,588.081,1276.426,0.0,311.339143,"sst=8MB, input=32sst (256MB), value=256B, sub=32",8,256,32,256,32,3
3,1,63,277386593,986843,984468,32,38@L0,38@L0 → 63@L1,LevelL0FilesNum,278410014,639906,1328049,631756.55,0.0,624821177,0,0,6935373,True,L0->L1,639.906,1328.049,0.0,631.7565500000001,"sst=8MB, input=32sst (256MB), value=256B, sub=32",8,256,32,256,32,4
3,1,63,277386593,986843,984468,32,38@L0,38@L0 → 63@L1,LevelL0FilesNum,278410014,552415,1285615,218623.719,0.0,213570909,0,0,5052810,True,L0->L1,552.415,1285.615,0.0,218.62371900000002,"sst=8MB, input=32sst (256MB), value=256B, sub=32",8,256,32,256,32,5
3,1,35,277351238,986843,984468,4,38@L0,38@L0 → 35@L1,LevelL0FilesNum,278410014,204877,359902,64351.353,0.0,63149244,0,0,1202109,True,L0->L1,204.877,359.902,0.0,64.351353,"sst=8MB, input=32sst (256MB), value=256B, sub=4",8,256,32,256,4,1
3,1,35,277351238,986843,984468,4,38@L0,38@L0 → 35@L1,LevelL0FilesNum,278410014,203592,350027,64753.331,0.0,63981937,0,0,771394,True,L0->L1,203.592,350.027,0.0,64.753331,"sst=8MB, input=32sst (256MB), value=256B, sub=4",8,256,32,256,4,2
3,1,35,277351238,986843,984468,4,38@L0,38@L0 → 35@L1,LevelL0FilesNum,278410014,202430,348178,64691.465,0.0,63987720,0,0,703745,True,L0->L1,202.43,348.178,0.0,64.691465,"sst=8MB, input=32sst (256MB), value=256B, sub=4",8,256,32,256,4,3
3,1,35,277351238,986843,984468,4,38@L0,38@L0 → 35@L1,LevelL0FilesNum,278410014,208146,369761,68911.076,0.0,68069147,0,0,841929,True,L0->L1,208.146,369.761,0.0,68.911076,"sst=8MB, input=32sst (256MB), value=256B, sub=4",8,256,32,256,4,4
3,1,35,277351238,986843,984468,4,38@L0,38@L0 → 35@L1,LevelL0FilesNum,278410014,211998,359576,78321.118,0.0,77586864,0,0,734254,True,L0->L1,211.998,359.576,0.0,78.321118,"sst=8MB, input=32sst (256MB), value=256B, sub=4",8,256,32,256,4,5
3,1,39,277356093,986843,984468,8,38@L0,38@L0 → 39@L1,LevelL0FilesNum,278410014,267882,816730,116725.614,0.0,114479017,0,0,2246597,True,L0->L1,267.882,816.73,0.0,116.72561400000001,"sst=8MB, input=32sst (256MB), value=256B, sub=8",8,256,32,256,8,1
3,1,39,277356093,986843,984468,8,38@L0,38@L0 → 39@L1,LevelL0FilesNum,278410014,302348,879982,122797.586,0.0,120628784,0,0,2168802,True,L0->L1,302.348,879.982,0.0,122.797586,"sst=8MB, input=32sst (256MB), value=256B, sub=8",8,256,32,256,8,2
3,1,39,277356093,986843,984468,8,38@L0,38@L0 → 39@L1,LevelL0FilesNum,278410014,253530,762965,84968.205,0.0,83179288,0,0,1788917,True,L0->L1,253.53,762.965,0.0,84.968205,"sst=8MB, input=32sst (256MB), value=256B, sub=8",8,256,32,256,8,3
3,1,39,277356093,986843,984468,8,38@L0,38@L0 → 39@L1,LevelL0FilesNum,278410014,244681,704975,128672.239,0.0,126764820,0,0,1907419,True,L0->L1,244.681,704.975,0.0,128.672239,"sst=8MB, input=32sst (256MB), value=256B, sub=8",8,256,32,256,8,4
3,1,39,277356093,986843,984468,8,38@L0,38@L0 → 39@L1,LevelL0FilesNum,278410014,244730,743822,101724.255,0.0,99998186,0,0,1726069,True,L0->L1,244.73,743.822,0.0,101.724255,"sst=8MB, input=32sst (256MB), value=256B, sub=8",8,256,32,256,8,5
3,1,36,309815429,5590965,5515113,1,56@L0,56@L0 → 36@L1,LevelL0FilesNum,317550352,1664586,1409911,57116.525,197558.475,56468500,0,0,648025,True,L0->L1,1664.586,1409.911,197.55847500000002,57.116525,"sst=8MB, input=32sst (256MB), value=32B, sub=1",8,256,32,32,1,1
3,1,36,309815429,5590965,5515113,1,56@L0,56@L0 → 36@L1,LevelL0FilesNum,317550352,1694798,1420702,57064.863,217031.137,56396197,0,0,668666,True,L0->L1,1694.798,1420.702,217.031137,57.064862999999995,"sst=8MB, input=32sst (256MB), value=32B, sub=1",8,256,32,32,1,2
3,1,36,309815429,5590965,5515113,1,56@L0,56@L0 → 36@L1,LevelL0FilesNum,317550352,1680000,1416473,57303.297,206223.703,56624822,0,0,678475,True,L0->L1,1680.0,1416.473,206.223703,57.303297,"sst=8MB, input=32sst (256MB), value=32B, sub=1",8,256,32,32,1,3
3,1,36,309815429,5590965,5515113,1,56@L0,56@L0 → 36@L1,LevelL0FilesNum,317550352,1681377,1415112,57081.797,209183.203,56401561,0,0,680236,True,L0->L1,1681.377,1415.112,209.18320300000002,57.081797,"sst=8MB, input=32sst (256MB), value=32B, sub=1",8,256,32,32,1,4
3,1,36,309815429,5590965,5515113,1,56@L0,56@L0 → 36@L1,LevelL0FilesNum,317550352,1692279,1422768,57346.09,212164.91,56655036,0,0,691054,True,L0->L1,1692.279,1422.768,212.16491,57.34609,"sst=8MB, input=32sst (256MB), value=32B, sub=1",8,256,32,32,1,5
3,1,47,309828391,5590965,5515113,16,56@L0,56@L0 → 47@L1,LevelL0FilesNum,317550352,532888,3064202,124831.119,0.0,122731843,0,0,2099276,True,L0->L1,532.888,3064.202,0.0,124.831119,"sst=8MB, input=32sst (256MB), value=32B, sub=16",8,256,32,32,16,1
3,1,47,309828391,5590965,5515113,16,56@L0,56@L0 → 47@L1,LevelL0FilesNum,317550352,546155,3182373,117573.3,0.0,115148277,0,0,2425023,True,L0->L1,546.155,3182.373,0.0,117.5733,"sst=8MB, input=32sst (256MB), value=32B, sub=16",8,256,32,32,16,2
3,1,47,309828391,5590965,5515113,16,56@L0,56@L0 → 47@L1,LevelL0FilesNum,317550352,547177,3240077,108912.535,0.0,106472063,0,0,2440472,True,L0->L1,547.177,3240.077,0.0,108.912535,"sst=8MB, input=32sst (256MB), value=32B, sub=16",8,256,32,32,16,3
3,1,47,309828391,5590965,5515113,16,56@L0,56@L0 → 47@L1,LevelL0FilesNum,317550352,541627,3105581,120364.857,0.0,117928153,0,0,2436704,True,L0->L1,541.627,3105.581,0.0,120.364857,"sst=8MB, input=32sst (256MB), value=32B, sub=16",8,256,32,32,16,4
3,1,47,309828391,5590965,5515113,16,56@L0,56@L0 → 47@L1,LevelL0FilesNum,317550352,537987,3170966,111496.655,0.0,109406833,0,0,2089822,True,L0->L1,537.987,3170.966,0.0,111.496655,"sst=8MB, input=32sst (256MB), value=32B, sub=16",8,256,32,32,16,5
3,1,37,309816287,5590965,5515113,2,56@L0,56@L0 → 37@L1,LevelL0FilesNum,317550352,923172,1471921,57655.427,0.0,56876997,0,0,778430,True,L0->L1,923.172,1471.921,0.0,57.655427,"sst=8MB, input=32sst (256MB), value=32B, sub=2",8,256,32,32,2,1
3,1,37,309816287,5590965,5515113,2,56@L0,56@L0 → 37@L1,LevelL0FilesNum,317550352,921450,1456904,57634.402,0.0,56819986,0,0,814416,True,L0->L1,921.45,1456.904,0.0,57.634402,"sst=8MB, input=32sst (256MB), value=32B, sub=2",8,256,32,32,2,2
3,1,37,309816287,5590965,5515113,2,56@L0,56@L0 → 37@L1,LevelL0FilesNum,317550352,919079,1455749,57724.438,0.0,56983998,0,0,740440,True,L0->L1,919.079,1455.749,0.0,57.724438,"sst=8MB, input=32sst (256MB), value=32B, sub=2",8,256,32,32,2,3
3,1,37,309816287,5590965,5515113,2,56@L0,56@L0 → 37@L1,LevelL0FilesNum,317550352,930639,1465562,59887.579,0.0,59160999,0,0,726580,True,L0->L1,930.639,1465.562,0.0,59.887578999999995,"sst=8MB, input=32sst (256MB), value=32B, sub=2",8,256,32,32,2,4
3,1,37,309816287,5590965,5515113,2,56@L0,56@L0 → 37@L1,LevelL0FilesNum,317550352,922787,1462968,57607.153,0.0,56874621,0,0,732532,True,L0->L1,922.787,1462.968,0.0,57.607153,"sst=8MB, input=32sst (256MB), value=32B, sub=2",8,256,32,32,2,5
3,1,63,309848601,5590965,5515113,32,56@L0,56@L0 → 63@L1,LevelL0FilesNum,317550352,925206,3411073,201585.951,0.0,198154995,0,0,3430956,True,L0->L1,925.206,3411.073,0.0,201.585951,"sst=8MB, input=32sst (256MB), value=32B, sub=32",8,256,32,32,32,1
3,1,63,309848601,5590965,5515113,32,56@L0,56@L0 → 63@L1,LevelL0FilesNum,317550352,835172,3248404,224927.245,0.0,221481016,0,0,3446229,True,L0->L1,835.172,3248.404,0.0,224.927245,"sst=8MB, input=32sst (256MB), value=32B, sub=32",8,256,32,32,32,2
3,1,63,309848601,5590965,5515113,32,56@L0,56@L0 → 63@L1,LevelL0FilesNum,317550352,850024,3286780,180981.477,0.0,177694585,0,0,3286892,True,L0->L1,850.024,3286.78,0.0,180.981477,"sst=8MB, input=32sst (256MB), value=32B, sub=32",8,256,32,32,32,3
3,1,63,309848601,5590965,5515113,32,56@L0,56@L0 → 63@L1,LevelL0FilesNum,317550352,858296,3495476,185565.245,0.0,181880771,0,0,3684474,True,L0->L1,858.296,3495.476,0.0,185.565245,"sst=8MB, input=32sst (256MB), value=32B, sub=32",8,256,32,32,32,4
3,1,63,309848601,5590965,5515113,32,56@L0,56@L0 → 63@L1,LevelL0FilesNum,317550352,836743,3341809,211895.966,0.0,208526331,0,0,3369635,True,L0->L1,836.743,3341.809,0.0,211.895966,"sst=8MB, input=32sst (256MB), value=32B, sub=32",8,256,32,32,32,5
3,1,38,309817608,5590965,5515113,4,56@L0,56@L0 → 38@L1,LevelL0FilesNum,317550352,554227,1574882,65301.146,0.0,64336063,0,0,965083,True,L0->L1,554.227,1574.882,0.0,65.301146,"sst=8MB, input=32sst (256MB), value=32B, sub=4",8,256,32,32,4,1
3,1,38,309817608,5590965,5515113,4,56@L0,56@L0 → 38@L1,LevelL0FilesNum,317550352,544385,1553470,62383.431,0.0,61538386,0,0,845045,True,L0->L1,544.385,1553.47,0.0,62.383430999999995,"sst=8MB, input=32sst (256MB), value=32B, sub=4",8,256,32,32,4,2
3,1,38,309817608,5590965,5515113,4,56@L0,56@L0 → 38@L1,LevelL0FilesNum,317550352,537100,1540950,66639.958,0.0,65806662,0,0,833296,True,L0->L1,537.1,1540.95,0.0,66.639958,"sst=8MB, input=32sst (256MB), value=32B, sub=4",8,256,32,32,4,3
3,1,38,309817608,5590965,5515113,4,56@L0,56@L0 → 38@L1,LevelL0FilesNum,317550352,540706,1555702,62233.108,0.0,61359346,0,0,873762,True,L0->L1,540.706,1555.702,0.0,62.233108,"sst=8MB, input=32sst (256MB), value=32B, sub=4",8,256,32,32,4,4
3,1,38,309817608,5590965,5515113,4,56@L0,56@L0 → 38@L1,LevelL0FilesNum,317550352,546504,1569933,60278.092,0.0,59397242,0,0,880850,True,L0->L1,546.504,1569.933,0.0,60.278091999999994,"sst=8MB, input=32sst (256MB), value=32B, sub=4",8,256,32,32,4,5
3,1,40,309819709,5590965,5515113,8,56@L0,56@L0 → 40@L1,LevelL0FilesNum,317550352,476949,2079785,76396.518,0.0,74998791,0,0,1397727,True,L0->L1,476.949,2079.785,0.0,76.396518,"sst=8MB, input=32sst (256MB), value=32B, sub=8",8,256,32,32,8,1
3,1,40,309819709,5590965,5515113,8,56@L0,56@L0 → 40@L1,LevelL0FilesNum,317550352,469327,1891000,66980.111,0.0,65754662,0,0,1225449,True,L0->L1,469.327,1891.0,0.0,66.98011100000001,"sst=8MB, input=32sst (256MB), value=32B, sub=8",8,256,32,32,8,2
3,1,40,309819709,5590965,5515113,8,56@L0,56@L0 → 40@L1,LevelL0FilesNum,317550352,521580,2071848,67040.225,0.0,65396338,0,0,1643887,True,L0->L1,521.58,2071.848,0.0,67.040225,"sst=8MB, input=32sst (256MB), value=32B, sub=8",8,256,32,32,8,3
3,1,40,309819709,5590965,5515113,8,56@L0,56@L0 → 40@L1,LevelL0FilesNum,317550352,484850,2096855,78807.739,0.0,77249268,0,0,1558471,True,L0->L1,484.85,2096.855,0.0,78.807739,"sst=8MB, input=32sst (256MB), value=32B, sub=8",8,256,32,32,8,4
3,1,40,309819709,5590965,5515113,8,56@L0,56@L0 → 40@L1,LevelL0FilesNum,317550352,460571,1987321,71334.997,0.0,70050354,0,0,1284643,True,L0->L1,460.571,1987.321,0.0,71.334997,"sst=8MB, input=32sst (256MB), value=32B, sub=8",8,256,32,32,8,5
3,1,33,273288099,508379,507739,1,36@L0,36@L0 → 33@L1,LevelL0FilesNum,273802891,401844,208225,50338.607,143280.39299999998,49732730,0,0,605877,True,L0->L1,401.844,208.225,143.28039299999998,50.338607,"sst=8MB, input=32sst (256MB), value=512B, sub=1",8,256,32,512,1,1
3,1,33,273288099,508379,507739,1,36@L0,36@L0 → 33@L1,LevelL0FilesNum,273802891,404169,205047,50297.156,148824.84399999998,49697347,0,0,599809,True,L0->L1,404.169,205.047,148.82484399999998,50.297156,"sst=8MB, input=32sst (256MB), value=512B, sub=1",8,256,32,512,1,2
3,1,33,273288099,508379,507739,1,36@L0,36@L0 → 33@L1,LevelL0FilesNum,273802891,409218,203875,51050.82,154292.18,50474916,0,0,575904,True,L0->L1,409.218,203.875,154.29218,51.05082,"sst=8MB, input=32sst (256MB), value=512B, sub=1",8,256,32,512,1,3
3,1,33,273288099,508379,507739,1,36@L0,36@L0 → 33@L1,LevelL0FilesNum,273802891,416313,212701,52804.39,150807.61,52196040,0,0,608350,True,L0->L1,416.313,212.701,150.80760999999998,52.80439,"sst=8MB, input=32sst (256MB), value=512B, sub=1",8,256,32,512,1,4
3,1,33,273288099,508379,507739,1,36@L0,36@L0 → 33@L1,LevelL0FilesNum,273802891,408456,204880,51419.326,152156.674,50857321,0,0,562005,True,L0->L1,408.456,204.88,152.156674,51.419326,"sst=8MB, input=32sst (256MB), value=512B, sub=1",8,256,32,512,1,5
3,1,46,273304057,508379,507739,16,36@L0,36@L0 → 46@L1,LevelL0FilesNum,273802891,309952,951581,219356.99,0.0,216587970,0,0,2769020,True,L0->L1,309.952,951.581,0.0,219.35699,"sst=8MB, input=32sst (256MB), value=512B, sub=16",8,256,32,512,16,1
3,1,46,273304057,508379,507739,16,36@L0,36@L0 → 46@L1,LevelL0FilesNum,273802891,307871,938533,210103.983,0.0,207448623,0,0,2655360,True,L0->L1,307.871,938.533,0.0,210.103983,"sst=8MB, input=32sst (256MB), value=512B, sub=16",8,256,32,512,16,2
3,1,46,273304057,508379,507739,16,36@L0,36@L0 → 46@L1,LevelL0FilesNum,273802891,323123,1011326,239570.418,0.0,236194901,0,0,3375517,True,L0->L1,323.123,1011.326,0.0,239.57041800000002,"sst=8MB, input=32sst (256MB), value=512B, sub=16",8,256,32,512,16,3
3,1,46,273304057,508379,507739,16,36@L0,36@L0 → 46@L1,LevelL0FilesNum,273802891,304522,873324,203355.77,0.0,200910912,0,0,2444858,True,L0->L1,304.522,873.324,0.0,203.35576999999998,"sst=8MB, input=32sst (256MB), value=512B, sub=16",8,256,32,512,16,4
3,1,46,273304057,508379,507739,16,36@L0,36@L0 → 46@L1,LevelL0FilesNum,273802891,299386,895475,153295.97,0.0,150055257,0,0,3240713,True,L0->L1,299.386,895.475,0.0,153.29597,"sst=8MB, input=32sst (256MB), value=512B, sub=16",8,256,32,512,16,5
3,1,34,273289312,508379,507739,2,36@L0,36@L0 → 34@L1,LevelL0FilesNum,273802891,247903,216068,59013.419,0.0,58392626,0,0,620793,True,L0->L1,247.903,216.068,0.0,59.013419,"sst=8MB, input=32sst (256MB), value=512B, sub=2",8,256,32,512,2,1
3,1,34,273289312,508379,507739,2,36@L0,36@L0 → 34@L1,LevelL0FilesNum,273802891,242734,212344,55567.478,0.0,54922859,0,0,644619,True,L0->L1,242.734,212.344,0.0,55.567478,"sst=8MB, input=32sst (256MB), value=512B, sub=2",8,256,32,512,2,2
3,1,34,273289312,508379,507739,2,36@L0,36@L0 → 34@L1,LevelL0FilesNum,273802891,244192,214065,58056.328,0.0,57411667,0,0,644661,True,L0->L1,244.192,214.065,0.0,58.056328,"sst=8MB, input=32sst (256MB), value=512B, sub=2",8,256,32,512,2,3
3,1,34,273289312,508379,507739,2,36@L0,36@L0 → 34@L1,LevelL0FilesNum,273802891,243924,216376,54403.279,0.0,53771551,0,0,631728,True,L0->L1,243.924,216.376,0.0,54.403279000000005,"sst=8MB, input=32sst (256MB), value=512B, sub=2",8,256,32,512,2,4
3,1,34,273289312,508379,507739,2,36@L0,36@L0 → 34@L1,LevelL0FilesNum,273802891,252761,216716,52335.979,0.0,51714604,0,0,621375,True,L0->L1,252.761,216.716,0.0,52.335979,"sst=8MB, input=32sst (256MB), value=512B, sub=2",8,256,32,512,2,5
3,1,61,273323446,508379,507739,31,36@L0,36@L0 → 61@L1,LevelL0FilesNum,273802891,505830,985401,231718.034,0.0,228224960,0,0,3493074,True,L0->L1,505.83,985.401,0.0,231.71803400000002,"sst=8MB, input=32sst (256MB), value=512B, sub=32",8,256,32,512,32,1
3,1,61,273323446,508379,507739,31,36@L0,36@L0 → 61@L1,LevelL0FilesNum,273802891,492835,1086123,311181.114,0.0,306878359,0,0,4302755,True,L0->L1,492.835,1086.123,0.0,311.181114,"sst=8MB, input=32sst (256MB), value=512B, sub=32",8,256,32,512,32,2
3,1,61,273323446,508379,507739,31,36@L0,36@L0 → 61@L1,LevelL0FilesNum,273802891,562241,1026280,399968.868,0.0,394725071,0,0,5243797,True,L0->L1,562.241,1026.28,0.0,399.96886800000004,"sst=8MB, input=32sst (256MB), value=512B, sub=32",8,256,32,512,32,3
3,1,61,273323446,508379,507739,31,36@L0,36@L0 → 61@L1,LevelL0FilesNum,273802891,497419,1103438,358705.121,0.0,353113083,0,0,5592038,True,L0->L1,497.419,1103.438,0.0,358.70512099999996,"sst=8MB, input=32sst (256MB), value=512B, sub=32",8,256,32,512,32,4
3,1,61,273323446,508379,507739,31,36@L0,36@L0 → 61@L1,LevelL0FilesNum,273802891,542736,1116860,245338.486,0.0,241029580,0,0,4308906,True,L0->L1,542.736,1116.86,0.0,245.33848600000002,"sst=8MB, input=32sst (256MB), value=512B, sub=32",8,256,32,512,32,5
3,1,34,273289188,508379,507739,4,36@L0,36@L0 → 34@L1,LevelL0FilesNum,273802891,180656,238590,68996.614,0.0,68263523,0,0,733091,True,L0->L1,180.656,238.59,0.0,68.99661400000001,"sst=8MB, input=32sst (256MB), value=512B, sub=4",8,256,32,512,4,1
3,1,34,273289188,508379,507739,4,36@L0,36@L0 → 34@L1,LevelL0FilesNum,273802891,174165,232607,63081.706,0.0,62377439,0,0,704267,True,L0->L1,174.165,232.607,0.0,63.081706,"sst=8MB, input=32sst (256MB), value=512B, sub=4",8,256,32,512,4,2
3,1,34,273289188,508379,507739,4,36@L0,36@L0 → 34@L1,LevelL0FilesNum,273802891,181833,238842,66249.731,0.0,65517699,0,0,732032,True,L0->L1,181.833,238.842,0.0,66.249731,"sst=8MB, input=32sst (256MB), value=512B, sub=4",8,256,32,512,4,3
3,1,34,273289188,508379,507739,4,36@L0,36@L0 → 34@L1,LevelL0FilesNum,273802891,180614,234757,68849.096,0.0,68093045,0,0,756051,True,L0->L1,180.614,234.757,0.0,68.849096,"sst=8MB, input=32sst (256MB), value=512B, sub=4",8,256,32,512,4,4
3,1,34,273289188,508379,507739,4,36@L0,36@L0 → 34@L1,LevelL0FilesNum,273802891,177640,243891,62979.304,0.0,62195425,0,0,783879,True,L0->L1,177.64,243.891,0.0,62.979304,"sst=8MB, input=32sst (256MB), value=512B, sub=4",8,256,32,512,4,5
3,1,38,273293810,508379,507739,8,36@L0,36@L0 → 38@L1,LevelL0FilesNum,273802891,213882,501256,85267.774,0.0,83446051,0,0,1821723,True,L0->L1,213.882,501.256,0.0,85.267774,"sst=8MB, input=32sst (256MB), value=512B, sub=8",8,256,32,512,8,1
3,1,38,273293810,508379,507739,8,36@L0,36@L0 → 38@L1,LevelL0FilesNum,273802891,203421,426231,88959.792,0.0,87505540,0,0,1454252,True,L0->L1,203.421,426.231,0.0,88.95979200000001,"sst=8MB, input=32sst (256MB), value=512B, sub=8",8,256,32,512,8,2
3,1,38,273293810,508379,507739,8,36@L0,36@L0 → 38@L1,LevelL0FilesNum,273802891,256281,724048,107205.441,0.0,104766483,0,0,2438958,True,L0->L1,256.281,724.048,0.0,107.20544100000001,"sst=8MB, input=32sst (256MB), value=512B, sub=8",8,256,32,512,8,3
3,1,38,273293810,508379,507739,8,36@L0,36@L0 → 38@L1,LevelL0FilesNum,273802891,236762,653744,111817.303,0.0,109578113,0,0,2239190,True,L0->L1,236.762,653.744,0.0,111.817303,"sst=8MB, input=32sst (256MB), value=512B, sub=8",8,256,32,512,8,4
3,1,38,273293810,508379,507739,8,36@L0,36@L0 → 38@L1,LevelL0FilesNum,273802891,230846,660995,98719.97,0.0,96355330,0,0,2364640,True,L0->L1,230.846,660.995,0.0,98.71997,"sst=8MB, input=32sst (256MB), value=512B, sub=8",8,256,32,512,8,5
3,1,35,293721513,3354870,3327648,1,47@L0,47@L0 → 35@L1,LevelL0FilesNum,298103713,1098149,866406,54059.988,177683.012,53444723,0,0,615265,True,L0->L1,1098.149,866.406,177.683012,54.059988,"sst=8MB, input=32sst (256MB), value=64B, sub=1",8,256,32,64,1,1
3,1,35,293721513,3354870,3327648,1,47@L0,47@L0 → 35@L1,LevelL0FilesNum,298103713,1101313,879640,54367.359,167305.641,53724703,0,0,642656,True,L0->L1,1101.313,879.64,167.305641,54.36735899999999,"sst=8MB, input=32sst (256MB), value=64B, sub=1",8,256,32,64,1,2
3,1,35,293721513,3354870,3327648,1,47@L0,47@L0 → 35@L1,LevelL0FilesNum,298103713,1074290,845401,53079.468,175809.532,52477731,0,0,601737,True,L0->L1,1074.29,845.401,175.80953200000002,53.079468,"sst=8MB, input=32sst (256MB), value=64B, sub=1",8,256,32,64,1,3
3,1,35,293721513,3354870,3327648,1,47@L0,47@L0 → 35@L1,LevelL0FilesNum,298103713,1083383,854603,54921.007,173858.99300000002,54284127,0,0,636880,True,L0->L1,1083.383,854.603,173.85899300000003,54.921006999999996,"sst=8MB, input=32sst (256MB), value=64B, sub=1",8,256,32,64,1,4
3,1,35,293721513,3354870,3327648,1,47@L0,47@L0 → 35@L1,LevelL0FilesNum,298103713,1111560,869088,54961.721,187510.279,54327268,0,0,634453,True,L0->L1,1111.56,869.088,187.510279,54.961721,"sst=8MB, input=32sst (256MB), value=64B, sub=1",8,256,32,64,1,5
3,1,47,293735134,3354870,3327648,16,47@L0,47@L0 → 47@L1,LevelL0FilesNum,298103713,457043,2195122,104288.726,0.0,101997178,0,0,2291548,True,L0->L1,457.043,2195.122,0.0,104.288726,"sst=8MB, input=32sst (256MB), value=64B, sub=16",8,256,32,64,16,1
3,1,47,293735134,3354870,3327648,16,47@L0,47@L0 → 47@L1,LevelL0FilesNum,298103713,431299,2069616,120494.932,0.0,118638445,0,0,1856487,True,L0->L1,431.299,2069.616,0.0,120.494932,"sst=8MB, input=32sst (256MB), value=64B, sub=16",8,256,32,64,16,2
3,1,47,293735134,3354870,3327648,16,47@L0,47@L0 → 47@L1,LevelL0FilesNum,298103713,449877,2215996,108382.269,0.0,105648674,0,0,2733595,True,L0->L1,449.877,2215.996,0.0,108.382269,"sst=8MB, input=32sst (256MB), value=64B, sub=16",8,256,32,64,16,3
3,1,47,293735134,3354870,3327648,16,47@L0,47@L0 → 47@L1,LevelL0FilesNum,298103713,460177,2202779,98890.61,0.0,96462405,0,0,2428205,True,L0->L1,460.177,2202.779,0.0,98.89061,"sst=8MB, input=32sst (256MB), value=64B, sub=16",8,256,32,64,16,4
3,1,47,293735134,3354870,3327648,16,47@L0,47@L0 → 47@L1,LevelL0FilesNum,298103713,441450,2140821,104284.201,0.0,102059299,0,0,2224902,True,L0->L1,441.45,2140.821,0.0,104.284201,"sst=8MB, input=32sst (256MB), value=64B, sub=16",8,256,32,64,16,5
3,1,36,293721878,3354870,3327648,2,47@L0,47@L0 → 36@L1,LevelL0FilesNum,298103713,629571,932758,57812.949,0.0,57138943,0,0,674006,True,L0->L1,629.571,932.758,0.0,57.812949,"sst=8MB, input=32sst (256MB), value=64B, sub=2",8,256,32,64,2,1
3,1,36,293721878,3354870,3327648,2,47@L0,47@L0 → 36@L1,LevelL0FilesNum,298103713,613032,911605,58159.301,0.0,57473137,0,0,686164,True,L0->L1,613.032,911.605,0.0,58.159301,"sst=8MB, input=32sst (256MB), value=64B, sub=2",8,256,32,64,2,2
3,1,36,293721878,3354870,3327648,2,47@L0,47@L0 → 36@L1,LevelL0FilesNum,298103713,608575,906716,57328.006,0.0,56632813,0,0,695193,True,L0->L1,608.575,906.716,0.0,57.328006,"sst=8MB, input=32sst (256MB), value=64B, sub=2",8,256,32,64,2,3
3,1,36,293721878,3354870,3327648,2,47@L0,47@L0 → 36@L1,LevelL0FilesNum,298103713,618126,930869,56557.982,0.0,55888875,0,0,669107,True,L0->L1,618.126,930.869,0.0,56.557982,"sst=8MB, input=32sst (256MB), value=64B, sub=2",8,256,32,64,2,4
3,1,36,293721878,3354870,3327648,2,47@L0,47@L0 → 36@L1,LevelL0FilesNum,298103713,616741,905847,56394.541,0.0,55722726,0,0,671815,True,L0->L1,616.741,905.847,0.0,56.394541,"sst=8MB, input=32sst (256MB), value=64B, sub=2",8,256,32,64,2,5
3,1,63,293755825,3354870,3327648,32,47@L0,47@L0 → 63@L1,LevelL0FilesNum,298103713,737483,2511665,252549.666,0.0,248849824,0,0,3699842,True,L0->L1,737.483,2511.665,0.0,252.549666,"sst=8MB, input=32sst (256MB), value=64B, sub=32",8,256,32,64,32,1
3,1,63,293755825,3354870,3327648,32,47@L0,47@L0 → 63@L1,LevelL0FilesNum,298103713,708123,2482538,215118.143,0.0,211827024,0,0,3291119,True,L0->L1,708.123,2482.538,0.0,215.118143,"sst=8MB, input=32sst (256MB), value=64B, sub=32",8,256,32,64,32,2
3,1,63,293755825,3354870,3327648,32,47@L0,47@L0 → 63@L1,LevelL0FilesNum,298103713,706947,2426439,210312.908,0.0,207311312,0,0,3001596,True,L0->L1,706.947,2426.439,0.0,210.312908,"sst=8MB, input=32sst (256MB), value=64B, sub=32",8,256,32,64,32,3
3,1,63,293755825,3354870,3327648,32,47@L0,47@L0 → 63@L1,LevelL0FilesNum,298103713,675636,2304017,215034.951,0.0,212051093,0,0,2983858,True,L0->L1,675.636,2304.017,0.0,215.034951,"sst=8MB, input=32sst (256MB), value=64B, sub=32",8,256,32,64,32,4
3,1,63,293755825,3354870,3327648,32,47@L0,47@L0 → 63@L1,LevelL0FilesNum,298103713,729981,2320515,191307.171,0.0,187978341,0,0,3328830,True,L0->L1,729.981,2320.515,0.0,191.307171,"sst=8MB, input=32sst (256MB), value=64B, sub=32",8,256,32,64,32,5
3,1,36,293721777,3354870,3327648,4,47@L0,47@L0 → 36@L1,LevelL0FilesNum,298103713,371979,963001,59896.311,0.0,59122077,0,0,774234,True,L0->L1,371.979,963.001,0.0,59.896311000000004,"sst=8MB, input=32sst (256MB), value=64B, sub=4",8,256,32,64,4,1
3,1,36,293721777,3354870,3327648,4,47@L0,47@L0 → 36@L1,LevelL0FilesNum,298103713,367479,957189,59909.783,0.0,59126457,0,0,783326,True,L0->L1,367.479,957.189,0.0,59.909783000000004,"sst=8MB, input=32sst (256MB), value=64B, sub=4",8,256,32,64,4,2
3,1,36,293721777,3354870,3327648,4,47@L0,47@L0 → 36@L1,LevelL0FilesNum,298103713,370971,963749,65926.233,0.0,65144968,0,0,781265,True,L0->L1,370.971,963.749,0.0,65.926233,"sst=8MB, input=32sst (256MB), value=64B, sub=4",8,256,32,64,4,3
3,1,36,293721777,3354870,3327648,4,47@L0,47@L0 → 36@L1,LevelL0FilesNum,298103713,373539,969571,65935.437,0.0,65114232,0,0,821205,True,L0->L1,373.539,969.571,0.0,65.93543700000001,"sst=8MB, input=32sst (256MB), value=64B, sub=4",8,256,32,64,4,4
3,1,36,293721777,3354870,3327648,4,47@L0,47@L0 → 36@L1,LevelL0FilesNum,298103713,367368,963720,57709.875,0.0,56978972,0,0,730903,True,L0->L1,367.368,963.72,0.0,57.709875,"sst=8MB, input=32sst (256MB), value=64B, sub=4",8,256,32,64,4,5
3,1,40,293726335,3354870,3327648,8,47@L0,47@L0 → 40@L1,LevelL0FilesNum,298103713,387712,1410169,74044.052,0.0,72639359,0,0,1404693,True,L0->L1,387.712,1410.169,0.0,74.044052,"sst=8MB, input=32sst (256MB), value=64B, sub=8",8,256,32,64,8,1
3,1,40,293726335,3354870,3327648,8,47@L0,47@L0 → 40@L1,LevelL0FilesNum,298103713,339424,1262919,70783.624,0.0,69593571,0,0,1190053,True,L0->L1,339.424,1262.919,0.0,70.783624,"sst=8MB, input=32sst (256MB), value=64B, sub=8",8,256,32,64,8,2
3,1,40,293726335,3354870,3327648,8,47@L0,47@L0 → 40@L1,LevelL0FilesNum,298103713,404027,1513463,77651.406,0.0,75920528,0,0,1730878,True,L0->L1,404.027,1513.463,0.0,77.65140600000001,"sst=8MB, input=32sst (256MB), value=64B, sub=8",8,256,32,64,8,3
3,1,40,293726335,3354870,3327648,8,47@L0,47@L0 → 40@L1,LevelL0FilesNum,298103713,366276,1419342,78757.46,0.0,77269344,0,0,1488116,True,L0->L1,366.276,1419.342,0.0,78.75746000000001,"sst=8MB, input=32sst (256MB), value=64B, sub=8",8,256,32,64,8,4
3,1,40,293726335,3354870,3327648,8,47@L0,47@L0 → 40@L1,LevelL0FilesNum,298103713,392007,1479597,67254.587,0.0,65496414,0,0,1758173,True,L0->L1,392.007,1479.597,0.0,67.254587,"sst=8MB, input=32sst (256MB), value=64B, sub=8",8,256,32,64,8,5
