secs_elapsed,device,rps,wps,rkib_per_sec,wkib_per_sec,util_pct,avg_queue_depth,read_await_ms,write_await_ms,ios_in_progress,sst_size_mb,input_data_mb,requested_input_sst_count,value_size,requested_subcompactions,repeat_index
0.101,nvme0n1,7300.6459,12910.4065,867538.5335,1566356.555,45.7534,4.4062,0.342,0.1464,0,8,256,32,1024,1,1
0.202,nvme0n1,7955.8951,13816.0426,943612.8663,1667221.8908,43.7028,4.4497,0.3009,0.1481,0,8,256,32,1024,1,1
0.302,nvme0n1,6663.077,12311.775,755886.3014,1488431.9437,45.7465,3.8089,0.3313,0.1284,0,8,256,32,1024,1,1
0.101,nvme0n1,7800.911,13412.7908,925189.035,1628917.77,46.7657,4.4676,0.3151,0.1484,0,8,256,32,1024,1,2
0.201,nvme0n1,8412.1437,14467.694,1001149.5105,1749367.9333,48.7228,4.6535,0.2943,0.1498,0,8,256,32,1024,1,2
0.302,nvme0n1,5865.0205,13062.0966,667195.7909,1575443.9264,43.7391,3.5687,0.339,0.1202,0,8,256,32,1024,1,2
0.101,nvme0n1,7036.4172,12639.6745,834009.5145,1537581.5691,40.8052,4.19,0.3281,0.1472,0,8,256,32,1024,1,3
0.201,nvme0n1,7982.0348,13747.3899,944355.2278,1654617.1573,47.7133,4.324,0.2852,0.1482,0,8,256,32,1024,1,3
0.302,nvme0n1,7451.8519,13492.8199,857757.8379,1637460.0106,47.6919,4.1929,0.3253,0.1296,0,8,256,32,1024,1,3
0.101,nvme0n1,7405.2728,13267.7803,888846.7266,1601609.2056,45.7853,4.3197,0.3145,0.1485,0,8,256,32,1024,1,4
0.201,nvme0n1,8071.4099,13955.9846,959613.1003,1682908.8383,44.7307,4.4631,0.2943,0.1496,0,8,256,32,1024,1,4
0.302,nvme0n1,6502.6585,13194.2323,740502.6708,1595318.8972,47.7259,3.838,0.3333,0.1251,0,8,256,32,1024,1,4
0.101,nvme0n1,7406.8788,13091.4592,888576.5699,1586744.586,47.7863,4.2311,0.3051,0.1498,0,8,256,32,1024,1,5
0.201,nvme0n1,7094.0829,12984.2612,842539.2574,1565354.6719,46.7632,4.8753,0.4151,0.1471,0,8,256,32,1024,1,5
0.302,nvme0n1,6971.6445,13366.4625,797020.0824,1616546.344,52.71,3.7394,0.2767,0.1339,0,8,256,32,1024,1,5
0.102,nvme0n1,41524.7156,12310.9031,4960910.4735,1492097.1917,72.7641,81.9973,1.7317,0.8195,0,8,256,32,1024,16,1
0.207,nvme0n1,28517.4946,12873.0111,3426643.6143,1609824.0399,62.1192,32.3784,1.0003,0.2992,0,8,256,32,1024,16,1
0.309,nvme0n1,1659.7097,17294.3715,94844.0617,1974799.2036,41.2472,8.1905,0.3787,0.4327,0,8,256,32,1024,16,1
0.102,nvme0n1,42231.6968,12378.256,5051892.9354,1508848.3965,80.685,80.4488,1.7067,0.6773,0,8,256,32,1024,16,2
0.207,nvme0n1,26413.8279,10615.2603,3190139.1462,1315909.7447,63.1178,18.9353,0.6126,0.2586,0,8,256,32,1024,16,2
0.308,nvme0n1,3604.3601,19858.5428,309461.4689,2281708.0543,56.2873,8.0382,0.4849,0.3128,0,8,256,32,1024,16,2
0.102,nvme0n1,43300.8332,12632.702,5166222.0117,1539866.1259,83.9546,82.3545,1.7099,0.6591,0,8,256,32,1024,16,3
0.204,nvme0n1,26144.9398,13934.8729,3125216.8188,1712566.6438,70.1616,36.4256,1.1051,0.5399,0,8,256,32,1024,16,3
0.102,nvme0n1,43128.5621,12596.4668,5141879.7203,1552232.7425,79.0987,76.9334,1.5773,0.7064,0,8,256,32,1024,16,4
0.205,nvme0n1,23836.5535,20354.919,2841397.8945,2444885.4342,76.8294,57.9916,1.9253,0.5929,0,8,256,32,1024,16,4
0.102,nvme0n1,41705.879,12453.6336,4993808.5539,1517766.8917,75.8647,80.2885,1.6445,0.9407,0,8,256,32,1024,16,5
0.206,nvme0n1,27675.8304,12744.6911,3324264.2405,1568719.0005,64.2509,32.1638,0.9913,0.3702,0,8,256,32,1024,16,5
0.101,nvme0n1,11810.0214,22873.2033,1399492.5156,2773383.3744,56.7598,8.9919,0.4688,0.1502,0,8,256,32,1024,2,1
0.201,nvme0n1,9508.6169,17575.0272,1087617.6772,2094322.5948,53.7098,6.9325,0.4383,0.1551,0,8,256,32,1024,2,1
0.101,nvme0n1,11490.8482,22364.8717,1370440.3431,2723619.542,62.6774,8.9539,0.4589,0.1633,0,8,256,32,1024,2,2
0.201,nvme0n1,10057.9668,18136.1756,1157183.5078,2182588.7482,59.6912,6.954,0.4204,0.1492,0,8,256,32,1024,2,2
0.101,nvme0n1,11586.7847,22556.4039,1372700.516,2742404.793,68.6845,9.7652,0.5387,0.1549,0,8,256,32,1024,2,3
0.201,nvme0n1,10296.477,17459.2435,1189586.3044,2093597.0846,53.7207,6.4564,0.3903,0.1385,0,8,256,32,1024,2,3
0.101,nvme0n1,11051.0062,19871.8995,1325861.8973,2423177.0384,60.7308,9.3685,0.5396,0.1703,0,8,256,32,1024,2,4
0.201,nvme0n1,9591.7868,20248.2221,1100130.1846,2361131.7477,47.7599,6.8456,0.4025,0.1459,0,8,256,32,1024,2,4
0.101,nvme0n1,11555.6576,22215.5277,1385225.7405,2714753.4106,59.7192,8.5398,0.447,0.151,0,8,256,32,1024,2,5
0.201,nvme0n1,9512.2585,18438.0768,1098869.6197,2214517.3922,52.6802,7.1267,0.4159,0.1698,0,8,256,32,1024,2,5
0.103,nvme0n1,49222.2341,7205.8913,5848844.0143,872020.9821,83.5608,202.0894,3.9207,1.2633,0,8,256,32,1024,32,1
0.206,nvme0n1,46587.5762,7009.5247,5591583.4216,862375.7014,82.6366,170.591,3.4336,1.516,0,8,256,32,1024,32,1
0.31,nvme0n1,41315.9548,6457.417,4983811.4091,794003.2262,75.8003,142.6964,3.2801,1.1114,0,8,256,32,1024,32,1
0.413,nvme0n1,829.5437,16893.4137,47576.7716,1932973.4734,36.1095,8.7541,0.8941,0.4708,0,8,256,32,1024,32,1
0.102,nvme0n1,49279.5403,7257.9978,5845918.4176,882383.4556,77.7994,216.2627,4.1661,1.5102,0,8,256,32,1024,32,2
0.205,nvme0n1,49087.4954,7665.638,5878961.8279,924810.7625,77.3417,181.2928,3.5417,0.9719,0,8,256,32,1024,32,2
0.314,nvme0n1,36910.5665,6722.6689,4449170.381,823572.7401,76.0193,129.7182,3.3295,1.015,0,8,256,32,1024,32,2
0.425,nvme0n1,3594.2343,17691.92,345105.0421,2010140.8212,50.4454,6.1255,0.3358,0.2734,0,8,256,32,1024,32,2
0.104,nvme0n1,49701.7227,7394.6942,5898743.661,893380.6517,81.0779,192.9458,3.634,1.6684,0,8,256,32,1024,32,3
0.207,nvme0n1,48844.4424,7488.3804,5849644.0247,903811.5788,73.8154,158.6157,3.062,1.2075,0,8,256,32,1024,32,3
0.319,nvme0n1,36441.0973,8354.2258,4373672.2091,1029609.5489,68.2883,124.3644,3.2108,0.8811,0,8,256,32,1024,32,3
0.423,nvme0n1,3053.3583,15528.508,277763.5207,1747994.3192,37.8035,6.9016,0.3905,0.3627,0,8,256,32,1024,32,3
0.102,nvme0n1,48345.1793,8078.9026,5765840.8095,972861.654,72.0098,180.5472,3.5621,1.0317,0,8,256,32,1024,32,4
0.204,nvme0n1,48919.507,7430.8112,5844151.1594,898302.5079,76.6671,165.9351,3.2688,0.8122,0,8,256,32,1024,32,4
0.31,nvme0n1,39594.2924,7769.5174,4753720.6182,953363.2639,69.9446,126.1082,3.0146,0.8686,0,8,256,32,1024,32,4
0.414,nvme0n1,4311.7068,16629.4911,420724.1966,1879711.2511,35.6897,20.0827,0.8658,0.978,0,8,256,32,1024,32,4
0.105,nvme0n1,48880.521,6748.1415,5797465.6881,832825.0797,74.4422,175.1133,3.3784,1.4771,0,8,256,32,1024,32,5
0.208,nvme0n1,49062.4825,7839.8812,5882634.4491,959928.2855,72.9517,116.2656,2.1792,1.1935,0,8,256,32,1024,32,5
0.316,nvme0n1,33552.1315,9591.624,4035986.5488,1194481.8552,68.6441,73.5883,1.9148,0.9739,0,8,256,32,1024,32,5
0.417,nvme0n1,6552.1968,16015.3846,644562.4888,1757962.2857,42.4314,15.966,0.3855,0.8343,0,8,256,32,1024,32,5
0.101,nvme0n1,20231.7978,28511.1498,2397825.4252,3487493.3786,69.491,22.2768,0.7772,0.2288,0,8,256,32,1024,4,1
0.101,nvme0n1,20194.8003,29232.1974,2394497.1727,3581038.7328,80.62,24.4249,0.8753,0.2302,0,8,256,32,1024,4,2
0.101,nvme0n1,20693.9824,29015.3722,2459448.4543,3537426.7643,82.6167,26.069,0.8894,0.2635,0,8,256,32,1024,4,3
0.201,nvme0n1,15787.4305,15697.8987,1803776.1067,1687494.27,51.7295,9.5699,0.4638,0.1394,0,8,256,32,1024,4,3
0.101,nvme0n1,20190.3016,28505.1254,2397101.0228,3510486.7532,72.6055,20.7075,0.7143,0.2202,0,8,256,32,1024,4,4
0.101,nvme0n1,19957.3653,28696.8001,2369322.4817,3511301.836,77.6396,23.8593,0.8638,0.2307,0,8,256,32,1024,4,5
0.102,nvme0n1,31361.0524,17529.0636,3773983.7247,2170527.9161,79.8568,35.8863,0.8834,0.4674,0,8,256,32,1024,8,1
0.203,nvme0n1,6424.0568,23037.656,742897.6938,2775113.4689,58.3107,12.1069,0.8923,0.2728,0,8,256,32,1024,8,1
0.102,nvme0n1,29834.7459,16823.2902,3584163.5671,2084039.2491,75.8427,34.4346,0.9194,0.4163,0,8,256,32,1024,8,2
0.203,nvme0n1,8107.9863,25826.9026,902053.0242,3066242.6533,56.3604,12.4092,0.7476,0.2427,0,8,256,32,1024,8,2
0.101,nvme0n1,34557.3841,19070.5932,4163028.0981,2367334.6887,77.434,51.1858,1.2292,0.4571,0,8,256,32,1024,8,3
0.102,nvme0n1,32807.9737,18333.2857,3939717.2281,2273208.698,80.1401,40.9902,1.0039,0.4393,0,8,256,32,1024,8,4
0.203,nvme0n1,4461.2715,24458.0327,500382.9242,2863149.3022,47.3763,7.6888,0.542,0.2119,0,8,256,32,1024,8,4
0.102,nvme0n1,29033.1396,16330.5266,3503945.0265,2021721.1537,75.7044,33.2706,0.8838,0.4666,0,8,256,32,1024,8,5
0.203,nvme0n1,8355.4163,16523.1815,984210.7618,1994238.3775,57.283,7.1801,0.4243,0.2176,0,8,256,32,1024,8,5
0.101,nvme0n1,7141.9287,9260.6345,852664.7172,1116846.449,34.8144,3.9092,0.3301,0.1665,0,8,256,32,128,1,1
0.201,nvme0n1,59.6681,4475.1069,238.6724,477026.5019,13.9226,0.537,0.1667,0.1156,0,8,256,32,128,1,1
0.302,nvme0n1,6973.4968,9042.6656,825001.4802,1075967.7821,33.823,3.7902,0.3295,0.165,0,8,256,32,128,1,1
0.402,nvme0n1,228.9848,4191.4176,20882.419,498071.8284,10.9514,0.5177,0.2174,0.1093,0,8,256,32,128,1,1
0.503,nvme0n1,6919.7197,9349.0889,825736.6178,1143754.9854,37.8344,3.6241,0.3036,0.1619,0,8,256,32,128,1,1
0.603,nvme0n1,59.7461,4321.6381,238.9846,477650.544,13.9408,0.5078,0.1667,0.1129,0,8,256,32,128,1,1
0.704,nvme0n1,2677.0192,5174.907,269702.222,608210.8041,18.9083,1.0449,0.2007,0.0962,0,8,256,32,128,1,1
0.101,nvme0n1,7264.381,9015.7934,855485.35,1114933.2149,42.7902,3.8113,0.3192,0.1656,0,8,256,32,128,1,2
0.201,nvme0n1,59.6832,4068.4025,238.7327,483513.2265,4.9736,0.4675,0.1667,0.1076,0,8,256,32,128,1,2
0.302,nvme0n1,6877.3684,8815.3551,824210.857,1058836.4528,36.7721,3.8462,0.3454,0.1657,0,8,256,32,128,1,2
0.402,nvme0n1,238.7897,4148.9703,20869.2212,492702.6626,13.9294,0.5472,0.2917,0.1127,0,8,256,32,128,1,2
0.503,nvme0n1,6839.0557,9317.84,825614.3839,1143267.1164,28.8694,3.6136,0.3028,0.1635,0,8,256,32,128,1,2
0.603,nvme0n1,49.7539,4040.014,199.0155,486075.3754,4.9754,0.4577,0.2,0.1084,0,8,256,32,128,1,2
0.704,nvme0n1,2684.8519,4912.2846,269529.3022,598622.5417,20.8822,0.9745,0.1852,0.0931,0,8,256,32,128,1,2
0.101,nvme0n1,7116.5781,9057.463,851401.5205,1115162.8052,43.7943,3.8021,0.3231,0.1648,0,8,256,32,128,1,3
0.201,nvme0n1,49.7265,3958.2306,198.9061,475624.1764,4.9727,0.4575,0.2,0.1106,0,8,256,32,128,1,3
0.302,nvme0n1,6906.8501,9043.5016,824210.8253,1085418.9536,30.8075,3.518,0.2921,0.1637,0,8,256,32,128,1,3
0.402,nvme0n1,218.8508,4078.5823,20825.6389,486564.9163,19.8955,0.5372,0.3182,0.1122,0,8,256,32,128,1,3
0.503,nvme0n1,6856.0166,9164.5737,825259.4119,1122476.1886,26.8668,3.6519,0.3135,0.164,0,8,256,32,128,1,3
0.603,nvme0n1,59.7012,4169.1354,238.8049,497629.5878,18.9054,0.4677,0.1667,0.105,0,8,256,32,128,1,3
0.704,nvme0n1,2677.4396,4877.1205,269744.5796,597954.886,22.8926,1.0152,0.2045,0.0918,0,8,256,32,128,1,3
0.101,nvme0n1,7195.1595,9175.57,853128.9704,1119857.4152,44.7832,3.7717,0.3126,0.1659,0,8,256,32,128,1,4
0.201,nvme0n1,49.7638,4040.8207,199.0552,486172.436,9.9528,0.4379,0.2,0.1034,0,8,256,32,128,1,4
0.302,nvme0n1,6975.3595,9015.2293,825261.6516,1078762.7348,30.8468,3.5325,0.2924,0.1645,0,8,256,32,128,1,4
0.402,nvme0n1,228.8601,4338.3905,20871.0416,516945.1016,10.9455,0.5373,0.2609,0.1078,0,8,256,32,128,1,4
0.503,nvme0n1,6902.9811,9353.39,826076.6616,1152887.4946,34.8635,3.6557,0.3088,0.1629,0,8,256,32,128,1,4
0.603,nvme0n1,59.7398,4102.1327,238.9592,487795.3537,25.8872,0.468,0.1667,0.1068,0,8,256,32,128,1,4
0.704,nvme0n1,2685.6132,4923.6242,269605.7275,598991.216,14.9201,0.9947,0.1963,0.0929,0,8,256,32,128,1,4
0.101,nvme0n1,7372.6512,8568.2162,859586.3644,1046876.6112,33.8743,4.2941,0.3824,0.1709,0,8,256,32,128,1,5
0.201,nvme0n1,49.745,3959.7048,198.9801,475801.3137,14.9235,0.4278,0.0,0.103,0,8,256,32,128,1,5
0.302,nvme0n1,6935.2029,8875.4677,825179.6939,1064498.9193,32.8353,3.6616,0.3142,0.1659,0,8,256,32,128,1,5
0.402,nvme0n1,59.7628,4033.9923,239.0514,479058.9933,14.9407,0.4383,0.1667,0.1062,0,8,256,32,128,1,5
0.503,nvme0n1,5998.027,8679.2642,720666.917,1063438.2717,39.722,3.2572,0.3096,0.159,0,8,256,32,128,1,5
0.603,nvme0n1,1074.442,4267.9225,123933.9048,512309.8825,21.8868,0.8755,0.2963,0.1305,0,8,256,32,128,1,5
0.704,nvme0n1,1115.016,4400.331,109311.389,532221.0252,17.9199,0.6969,0.2232,0.0995,0,8,256,32,128,1,5
0.102,nvme0n1,44355.3801,10598.3627,5325021.6143,1274564.0223,71.9703,95.3261,1.9776,0.7181,0,8,256,32,128,16,1
0.205,nvme0n1,39730.4432,10203.1488,4811547.9857,1237982.0603,81.1614,49.6147,1.1642,0.3286,0,8,256,32,128,16,1
0.307,nvme0n1,13017.4003,10770.9914,1547918.0071,1319201.204,54.934,13.4686,0.6511,0.4636,0,8,256,32,128,16,1
0.104,nvme0n1,43896.5455,10726.5995,5291548.0026,1305286.3983,73.7757,70.7082,1.5053,0.4317,0,8,256,32,128,16,2
0.206,nvme0n1,38660.911,9789.6727,4679985.7491,1194984.2597,71.2509,36.4843,0.8581,0.339,0,8,256,32,128,16,2
0.308,nvme0n1,11823.0617,12206.9912,1381432.7115,1470351.7827,54.1439,10.2972,0.4838,0.3726,0,8,256,32,128,16,2
0.103,nvme0n1,42996.3179,10380.7765,5172056.0539,1255059.2993,72.1971,76.8216,1.6034,0.7594,0,8,256,32,128,16,3
0.205,nvme0n1,44460.1048,11056.2165,5367949.9553,1341801.2582,77.4327,60.5936,1.2743,0.3555,0,8,256,32,128,16,3
0.307,nvme0n1,7749.7373,17678.4719,905417.7792,2133534.2244,42.3968,10.4217,0.6641,0.2978,0,8,256,32,128,16,3
0.103,nvme0n1,43892.3295,10207.2909,5273019.9292,1248284.15,74.3772,81.7758,1.6979,0.7105,0,8,256,32,128,16,4
0.205,nvme0n1,41197.891,10431.2045,4946059.5486,1282111.1556,70.2569,64.5876,1.4716,0.3798,0,8,256,32,128,16,4
0.308,nvme0n1,12171.6583,8120.9304,1462230.0005,1016421.1056,47.7129,7.3225,0.4696,0.1978,0,8,256,32,128,16,4
0.408,nvme0n1,932.8581,17118.9381,26809.7457,1910136.0746,33.7417,6.401,0.2766,0.3536,0,8,256,32,128,16,4
0.103,nvme0n1,43496.2209,10263.8141,5217674.1272,1239108.0297,80.3852,80.1401,1.6777,0.6982,0,8,256,32,128,16,5
0.205,nvme0n1,38734.7775,10389.3887,4680169.6767,1274640.7754,81.3509,30.9525,0.7341,0.2425,0,8,256,32,128,16,5
0.307,nvme0n1,15390.6958,11793.6366,1816868.6861,1431354.3618,48.1573,13.9361,0.7669,0.1792,0,8,256,32,128,16,5
0.101,nvme0n1,13657.7617,16450.943,1628538.9805,2012680.9236,58.6469,10.8546,0.5531,0.2006,0,8,256,32,128,2,1
0.202,nvme0n1,99.2391,7651.3337,396.9564,917763.0882,18.8554,0.8634,0.2,0.1038,0,8,256,32,128,2,1
0.303,nvme0n1,11407.4544,12468.8436,1363309.8354,1515386.0819,48.6057,6.3386,0.413,0.1305,0,8,256,32,128,2,1
0.403,nvme0n1,119.4279,7514.0042,980.3039,892404.9342,24.8808,0.9057,0.1667,0.1139,0,8,256,32,128,2,1
0.101,nvme0n1,12963.7361,16028.0728,1548504.8484,1972676.7025,44.7712,9.3124,0.4942,0.1806,0,8,256,32,128,2,2
0.201,nvme0n1,109.3274,7682.7312,437.3094,915845.1619,20.8716,0.8647,0.2727,0.1074,0,8,256,32,128,2,2
0.302,nvme0n1,11428.6552,12273.3819,1365803.8059,1496219.6692,46.7084,6.3007,0.4113,0.1287,0,8,256,32,128,2,2
0.403,nvme0n1,129.2674,7557.1684,1019.2234,893098.2052,14.9155,0.8353,0.1538,0.1039,0,8,256,32,128,2,2
0.101,nvme0n1,13382.3939,16417.0631,1601768.0759,2001647.9349,48.7537,9.7706,0.5167,0.1727,0,8,256,32,128,2,3
0.201,nvme0n1,99.4258,7596.1317,397.7032,909189.3497,20.8794,0.865,0.2,0.1086,0,8,256,32,128,2,3
0.302,nvme0n1,11512.4034,12485.8422,1365168.41,1516855.9962,52.6452,5.8208,0.3615,0.1329,0,8,256,32,128,2,3
0.403,nvme0n1,129.3345,7561.0909,1019.7524,893720.9478,19.8976,0.8655,0.1538,0.1079,0,8,256,32,128,2,3
0.101,nvme0n1,12944.2539,16048.487,1549828.1593,1961875.3018,47.7574,9.6211,0.5265,0.1742,0,8,256,32,128,2,4
0.201,nvme0n1,109.3258,7831.7024,437.3032,883312.6638,23.8529,0.9442,0.1818,0.1155,0,8,256,32,128,2,4
0.302,nvme0n1,11415.8775,12578.3298,1365424.395,1514407.061,48.6839,5.9911,0.3768,0.1327,0,8,256,32,128,2,4
0.403,nvme0n1,129.2027,7563.325,1018.7133,894837.7504,15.9019,0.8547,0.2308,0.1051,0,8,256,32,128,2,4
0.101,nvme0n1,14141.4399,16450.2464,1697559.9408,2033580.8543,56.725,10.529,0.5271,0.1863,0,8,256,32,128,2,5
0.201,nvme0n1,119.2971,7794.0786,477.1885,923638.0814,28.8301,0.8748,0.1667,0.1071,0,8,256,32,128,2,5
0.302,nvme0n1,11339.711,12333.5507,1365863.721,1504752.8197,47.7043,6.1022,0.4005,0.1257,0,8,256,32,128,2,5
0.403,nvme0n1,119.3234,7905.1736,979.446,934182.6983,14.9154,0.885,0.1667,0.1069,0,8,256,32,128,2,5
0.104,nvme0n1,48565.1572,6311.7172,5852943.9831,759276.2007,80.8445,157.5786,3.1043,1.0802,0,8,256,32,128,32,1
0.206,nvme0n1,50706.098,5842.4779,6070028.3488,712996.1751,76.798,190.5562,3.5897,1.4592,0,8,256,32,128,32,1
0.31,nvme0n1,48997.9098,6477.4597,5954753.8969,788776.1682,89.2105,119.7748,2.3889,0.4207,0,8,256,32,128,32,1
0.414,nvme0n1,24140.4682,5188.7141,2937574.6387,645740.7395,49.873,49.3647,1.9785,0.3105,0,8,256,32,128,32,1
0.526,nvme0n1,10711.1356,15099.0446,1223901.083,1699155.3275,40.1333,52.4676,1.2248,2.6019,0,8,256,32,128,32,1
0.627,nvme0n1,2474.0852,5474.783,273803.7328,579075.0476,23.8466,1.7388,0.3293,0.167,0,8,256,32,128,32,1
0.103,nvme0n1,49800.3728,6194.3208,5978429.0545,733722.2148,78.658,217.7255,4.2259,1.1746,0,8,256,32,128,32,2
0.205,nvme0n1,50917.8656,5872.122,6060446.506,709124.8991,75.4847,222.1603,4.2268,1.1736,0,8,256,32,128,32,2
0.308,nvme0n1,49786.124,5538.2464,6016660.8266,679151.6685,75.5215,172.8862,3.3489,1.1119,0,8,256,32,128,32,2
0.413,nvme0n1,36357.3847,5019.0973,4402527.4721,602062.2295,65.9653,135.573,3.6271,0.7371,0,8,256,32,128,32,2
0.514,nvme0n1,2048.8874,19996.3528,180065.6793,2278086.9535,44.3269,6.6983,0.4183,0.2867,0,8,256,32,128,32,2
0.104,nvme0n1,50057.8055,6142.1221,6018304.9738,728512.5009,77.3888,201.6516,3.8998,1.0494,0,8,256,32,128,32,3
0.207,nvme0n1,50570.5268,5970.4665,6050112.9518,722243.1901,80.0563,198.6169,3.8381,0.7561,0,8,256,32,128,32,3
0.313,nvme0n1,48850.6617,6369.3529,5915493.8148,760682.7127,85.3038,161.1769,3.2099,0.686,0,8,256,32,128,32,3
0.422,nvme0n1,24892.8503,6399.9693,3025243.4346,793926.7469,49.5837,85.0728,3.3239,0.3659,0,8,256,32,128,32,3
0.523,nvme0n1,5841.1516,15183.0607,637998.3078,1680914.2909,37.3676,12.5968,0.766,0.5285,0,8,256,32,128,32,3
0.624,nvme0n1,3832.3866,5569.8675,383546.4405,580100.2155,30.7782,2.0353,0.3005,0.1533,0,8,256,32,128,32,3
0.103,nvme0n1,50284.7823,6244.0684,6010770.8322,749835.4165,70.3557,203.2596,3.9271,0.928,0,8,256,32,128,32,4
0.206,nvme0n1,50374.8503,5868.4406,6025511.7029,708040.5399,75.1863,223.2937,4.3262,0.9101,0,8,256,32,128,32,4
0.309,nvme0n1,50340.6339,6053.3131,6042600.7299,731294.6287,76.7595,179.4326,3.4229,1.1766,0,8,256,32,128,32,4
0.414,nvme0n1,33690.4518,4661.3336,4074877.1997,568758.4935,54.9507,128.9257,3.7146,0.811,0,8,256,32,128,32,4
0.516,nvme0n1,3033.8985,18282.1937,305448.5685,2058677.4492,42.3564,6.8755,0.5325,0.2834,0,8,256,32,128,32,4
0.616,nvme0n1,2018.3691,5359.1179,215175.0473,579261.9854,27.8396,2.605,0.3547,0.3469,0,8,256,32,128,32,4
0.103,nvme0n1,50924.9839,6339.8214,6106761.6878,755510.1255,75.6847,229.8357,4.3652,1.1876,0,8,256,32,128,32,5
0.205,nvme0n1,50161.069,6000.9241,5994854.6922,719875.9506,77.3365,205.8523,3.9688,1.1289,0,8,256,32,128,32,5
0.307,nvme0n1,50722.2178,6007.7409,6132180.6664,713703.9142,79.5142,174.8331,3.3377,0.9216,0,8,256,32,128,32,5
0.417,nvme0n1,31639.0279,5317.0262,3839019.9367,644576.0077,59.8846,128.8608,3.9429,0.7747,0,8,256,32,128,32,5
0.521,nvme0n1,3599.9932,18849.2943,364588.5904,2090428.2396,44.3967,16.9673,0.8767,0.7281,0,8,256,32,128,32,5
0.621,nvme0n1,1599.4022,3705.4472,126134.2183,404678.5473,16.8881,0.9239,0.3106,0.1099,0,8,256,32,128,32,5
0.101,nvme0n1,26889.8156,22620.4852,3240272.5445,2823450.5465,77.6242,28.502,0.8631,0.2336,0,8,256,32,128,4,1
0.201,nvme0n1,198.8925,14260.5942,795.5701,1676584.4425,29.8339,1.8199,0.35,0.1213,0,8,256,32,128,4,1
0.101,nvme0n1,26178.881,22978.5774,3165174.8051,2859839.0064,79.5106,28.3157,0.8713,0.2401,0,8,256,32,128,4,2
0.202,nvme0n1,198.8543,15083.0984,795.4172,1763121.7388,28.8339,2.088,0.2,0.1332,0,8,256,32,128,4,2
0.101,nvme0n1,26017.139,22665.846,3144593.6311,2821273.1715,72.38,30.6276,0.9836,0.2222,0,8,256,32,128,4,3
0.202,nvme0n1,197.9257,13884.486,791.7027,1674292.8583,29.6889,2.4741,0.25,0.1725,0,8,256,32,128,4,3
0.101,nvme0n1,24667.8886,22328.5207,2992006.8376,2780961.005,73.6652,28.0226,0.9213,0.2372,0,8,256,32,128,4,4
0.201,nvme0n1,228.6616,14475.273,914.6464,1715001.7176,35.7905,2.1872,0.1739,0.1456,0,8,256,32,128,4,4
0.101,nvme0n1,25460.0676,21498.7279,3074263.3443,2672849.2496,68.6765,25.3506,0.7869,0.2472,0,8,256,32,128,4,5
0.202,nvme0n1,198.475,14349.7408,793.8999,1716610.0661,30.7636,1.7962,0.2,0.1196,0,8,256,32,128,4,5
0.101,nvme0n1,37364.7089,16888.452,4523607.5434,2072918.726,80.2796,55.0163,1.3507,0.27,0,8,256,32,128,8,1
0.202,nvme0n1,13113.0678,19689.3801,1575501.4745,2363042.0664,66.2576,23.6945,1.4095,0.2627,0,8,256,32,128,8,1
0.102,nvme0n1,36455.7708,16189.4347,4416293.6261,1999769.3892,76.8112,43.4968,1.0443,0.3352,0,8,256,32,128,8,2
0.204,nvme0n1,12105.4285,11928.4198,1464191.4097,1347468.9206,43.2688,14.4164,0.8985,0.2951,0,8,256,32,128,8,2
0.101,nvme0n1,37979.6027,17008.9044,4587449.47,2091986.0218,81.4203,56.468,1.298,0.4209,0,8,256,32,128,8,3
0.202,nvme0n1,12242.8714,18877.7179,1471953.5216,2272000.4869,55.2904,20.4969,1.275,0.2568,0,8,256,32,128,8,3
0.102,nvme0n1,31916.2001,14143.3347,3856050.9939,1746593.3401,79.8891,31.0384,0.814,0.3577,0,8,256,32,128,8,4
0.204,nvme0n1,15118.0549,9434.135,1839788.1714,1169442.0945,47.8543,10.3229,0.551,0.2122,0,8,256,32,128,8,4
0.305,nvme0n1,771.9608,20724.1774,26276.3567,2369325.7235,44.5362,3.3848,0.1923,0.1519,0,8,256,32,128,8,4
0.102,nvme0n1,35897.8159,15957.8623,4341502.107,1968352.6586,79.6418,52.1998,1.2821,0.3863,0,8,256,32,128,8,5
0.203,nvme0n1,12463.5431,8535.9975,1520527.5937,1071134.4637,39.4728,8.1117,0.4901,0.2347,0,8,256,32,128,8,5
0.304,nvme0n1,377.7057,19859.3686,1510.8228,2316966.0992,44.7283,3.7771,0.3684,0.1782,0,8,256,32,128,8,5
0.101,nvme0n1,5663.8929,8968.6599,678353.2055,1087945.2361,37.8256,4.0115,0.4622,0.1532,0,8,256,32,256,1,1
0.201,nvme0n1,6467.1222,9839.9751,760936.5205,1179523.4913,34.823,3.6415,0.3246,0.1557,0,8,256,32,256,1,1
0.302,nvme0n1,1432.5158,7102.8907,164779.1066,853142.7302,18.9012,1.2833,0.2917,0.119,0,8,256,32,256,1,1
0.402,nvme0n1,5013.8319,9390.9867,596412.2173,1145103.4987,34.8183,2.9247,0.3016,0.1494,0,8,256,32,256,1,1
0.503,nvme0n1,3809.4227,7748.147,415227.0762,946885.229,21.8818,1.6909,0.2272,0.1053,0,8,256,32,256,1,1
0.101,nvme0n1,6379.9577,9604.7726,768302.1803,1181197.9162,32.8453,3.7026,0.3417,0.1585,0,8,256,32,256,1,2
0.201,nvme0n1,6423.873,10282.1745,760567.6739,1230599.2819,31.821,3.4506,0.2879,0.1538,0,8,256,32,256,1,2
0.302,nvme0n1,2166.9261,7633.9415,254444.8376,914164.4982,23.8561,1.6401,0.289,0.1302,0,8,256,32,256,1,2
0.402,nvme0n1,4277.3651,9181.414,506544.4781,1094567.7881,29.8421,2.6162,0.3047,0.1419,0,8,256,32,256,1,2
0.503,nvme0n1,3789.5613,7937.1915,415230.4917,946813.4469,26.8552,1.7307,0.2362,0.1053,0,8,256,32,256,1,2
0.101,nvme0n1,6590.3617,9815.8559,771699.4976,1198370.6635,34.8433,3.7033,0.3293,0.1552,0,8,256,32,256,1,3
0.201,nvme0n1,6447.889,9895.3735,759842.4839,1187802.4857,34.7729,3.4375,0.2928,0.1566,0,8,256,32,256,1,3
0.302,nvme0n1,1788.8676,7433.7387,205689.9585,890458.5341,17.8887,1.4609,0.2944,0.123,0,8,256,32,256,1,3
0.403,nvme0n1,4695.2792,9589.5109,555271.479,1106912.0747,32.8272,3.3822,0.4174,0.1463,0,8,256,32,256,1,3
0.503,nvme0n1,3819.0727,8423.8401,415194.8691,957930.855,27.8474,1.7802,0.2266,0.1074,0,8,256,32,256,1,3
0.101,nvme0n1,6211.5559,9645.8296,745585.7986,1181748.5136,34.8405,3.3945,0.3077,0.1527,0,8,256,32,256,1,4
0.201,nvme0n1,6445.2179,10264.6063,760739.6154,1231235.5512,33.8175,3.4613,0.2932,0.1512,0,8,256,32,256,1,4
0.302,nvme0n1,3379.1725,8487.6861,400685.3757,1029176.6696,29.8162,2.1766,0.2941,0.1382,0,8,256,32,256,1,4
0.403,nvme0n1,3072.8138,8114.615,360036.3205,979123.7705,26.8498,2.0386,0.3042,0.1348,0,8,256,32,256,1,4
0.503,nvme0n1,3778.5331,7527.2356,415071.8564,924945.1185,32.8136,1.8992,0.2895,0.1044,0,8,256,32,256,1,4
0.101,nvme0n1,6549.6878,9535.8677,772325.6537,1166919.4617,40.8111,3.9617,0.3754,0.1566,0,8,256,32,256,1,5
0.201,nvme0n1,6412.6674,10190.6731,760418.0817,1220454.89,36.7858,3.5792,0.3132,0.1522,0,8,256,32,256,1,5
0.302,nvme0n1,1779.7381,7337.6913,204306.9782,881954.7021,20.8796,1.4417,0.3017,0.1233,0,8,256,32,256,1,5
0.402,nvme0n1,4708.7933,9298.1247,557210.5299,1128159.1884,31.8565,2.7974,0.3087,0.1435,0,8,256,32,256,1,5
0.503,nvme0n1,3822.7422,7615.6192,415553.9774,936372.7359,31.8562,1.8815,0.2812,0.1033,0,8,256,32,256,1,5
0.102,nvme0n1,43658.3136,11020.3541,5219033.0804,1328739.8398,78.7168,87.2084,1.8348,0.6446,0,8,256,32,256,16,1
0.205,nvme0n1,38683.7742,10052.1482,4686015.2747,1218262.0902,83.5251,49.7266,1.175,0.4251,0,8,256,32,256,16,1
0.307,nvme0n1,5629.7349,21005.887,577347.4931,2463878.5449,59.9326,16.8303,0.4346,0.6819,0,8,256,32,256,16,1
0.103,nvme0n1,43147.8026,11238.1344,5184033.3776,1365433.3344,79.9937,74.2673,1.5483,0.6641,0,8,256,32,256,16,2
0.207,nvme0n1,35607.625,9224.8233,4302459.495,1128339.5101,75.1866,46.288,1.1733,0.489,0,8,256,32,256,16,2
0.308,nvme0n1,6915.5643,20993.6773,714051.7706,2439139.2802,58.2883,16.4788,0.4986,0.6169,0,8,256,32,256,16,2
0.102,nvme0n1,42122.3478,10803.3746,5034574.0919,1316143.9683,72.7434,74.1786,1.5764,0.7188,0,8,256,32,256,16,3
0.207,nvme0n1,37015.0102,9889.0706,4454145.9072,1201231.7842,73.2876,55.6986,1.405,0.3744,0,8,256,32,256,16,3
0.309,nvme0n1,5088.8322,22487.1371,509890.1848,2608232.8307,55.0144,11.2681,0.4054,0.4059,0,8,256,32,256,16,3
0.102,nvme0n1,43892.8257,11373.0399,5223216.6393,1371241.0968,73.056,86.0876,1.7429,0.8438,0,8,256,32,256,16,4
0.206,nvme0n1,41982.0624,10433.128,5048664.5433,1258655.633,73.9053,74.1453,1.6283,0.5538,0,8,256,32,256,16,4
0.307,nvme0n1,2894.947,23189.2173,263939.1378,2689751.6,52.3659,13.3484,0.4573,0.5156,0,8,256,32,256,16,4
0.102,nvme0n1,44364.0975,10903.3757,5273164.8191,1329263.7142,80.9852,101.6364,2.0543,0.9629,0,8,256,32,256,16,5
0.206,nvme0n1,38047.5102,9796.779,4598864.7075,1190859.2968,69.9086,45.8715,1.1196,0.3343,0,8,256,32,256,16,5
0.308,nvme0n1,4171.328,23217.7691,408549.1131,2690034.3413,56.0768,11.8647,0.4222,0.4322,0,8,256,32,256,16,5
0.101,nvme0n1,11964.8952,17190.827,1430646.1021,2115496.994,43.7983,8.4511,0.4667,0.1668,0,8,256,32,256,2,1
0.201,nvme0n1,10645.0337,15957.602,1241877.4911,1947901.8917,49.7431,6.8845,0.4439,0.1334,0,8,256,32,256,2,1
0.302,nvme0n1,824.908,10226.8716,82749.2057,1208818.207,26.8344,1.7691,0.3855,0.138,0,8,256,32,256,2,1
0.101,nvme0n1,11810.7002,17432.4742,1416085.0494,2146502.7318,51.7402,9.1142,0.5358,0.1587,0,8,256,32,256,2,2
0.201,nvme0n1,10651.2473,15444.8058,1241442.1554,1882257.3929,42.7641,7.7075,0.5219,0.1372,0,8,256,32,256,2,2
0.302,nvme0n1,1152.2316,10360.1509,96891.7471,1222001.1582,27.8125,1.5297,0.2672,0.116,0,8,256,32,256,2,2
0.101,nvme0n1,11919.0164,17500.4589,1440101.7196,2154178.1475,48.7506,9.2328,0.5409,0.1586,0,8,256,32,256,2,3
0.201,nvme0n1,11263.3677,16347.8031,1324291.4494,1996800.0693,45.7699,7.0346,0.4293,0.1339,0,8,256,32,256,2,3
0.302,nvme0n1,477.3827,9577.4905,14803.8366,1122843.9072,33.8146,1.3426,0.1458,0.1288,0,8,256,32,256,2,3
0.101,nvme0n1,12059.7275,17462.7243,1449187.2087,2149218.571,51.7414,9.7214,0.5487,0.1766,0,8,256,32,256,2,4
0.201,nvme0n1,10278.6702,15781.1916,1203509.8883,1925942.1914,43.7814,6.7364,0.4472,0.1343,0,8,256,32,256,2,4
0.302,nvme0n1,1142.277,10479.1503,121210.4934,1240175.151,31.7851,1.917,0.3565,0.1403,0,8,256,32,256,2,4
0.101,nvme0n1,12356.2847,17688.7876,1483982.8277,2178088.664,49.7435,9.4214,0.5105,0.1749,0,8,256,32,256,2,5
0.202,nvme0n1,10589.884,15805.3521,1234809.2784,1928670.1975,46.6909,7.7686,0.5253,0.1383,0,8,256,32,256,2,5
0.302,nvme0n1,1202.1844,10303.0187,102185.6776,1213868.4832,26.8256,1.7586,0.2727,0.136,0,8,256,32,256,2,5
0.104,nvme0n1,49193.5262,6184.3845,5865912.9524,748106.6415,81.5523,224.8805,4.4105,1.2794,0,8,256,32,256,32,1
0.206,nvme0n1,50578.3881,6589.5069,6043715.3381,796388.9816,80.4077,197.9009,3.8086,0.8006,0,8,256,32,256,32,1
0.308,nvme0n1,48852.6973,6187.3557,5873068.3372,745615.5169,86.1531,173.3634,3.3946,1.2168,0,8,256,32,256,32,1
0.41,nvme0n1,19715.2096,14233.8509,2367927.3245,1790812.9422,59.9217,58.1142,2.6432,0.421,0,8,256,32,256,32,1
0.513,nvme0n1,4081.6133,11084.1916,376407.9269,1129504.2707,29.0162,16.1233,1.1825,1.0026,0,8,256,32,256,32,1
0.616,nvme0n1,0.0,0.0,0.0,0.0,0.0,0.0,0.0,0.0,0,8,256,32,256,32,1
0.104,nvme0n1,49957.9361,6482.4983,5947507.8147,774483.8696,81.5164,236.8247,4.5872,1.1811,0,8,256,32,256,32,2
0.207,nvme0n1,50233.4702,6372.541,5986905.2915,763540.9877,73.7158,190.3033,3.6418,1.1553,0,8,256,32,256,32,2
0.31,nvme0n1,49512.3912,6531.4633,5953974.7083,786115.2243,76.0379,181.0775,3.5296,0.9672,0,8,256,32,256,32,2
0.411,nvme0n1,19414.404,15747.0192,2301368.0344,1963820.3486,64.2534,62.998,2.6976,0.6742,0,8,256,32,256,32,2
0.514,nvme0n1,2955.5792,5920.8488,266297.6863,522740.2119,17.4428,5.0972,0.7475,0.4763,0,8,256,32,256,32,2
0.103,nvme0n1,49480.8841,6149.4437,5904833.6291,731085.2285,73.7933,249.264,4.87,1.3472,0,8,256,32,256,32,3
0.204,nvme0n1,51149.7784,6483.4976,6085903.7458,775737.2054,72.8041,231.9498,4.4018,1.0501,0,8,256,32,256,32,3
0.306,nvme0n1,49156.117,6231.7493,5895269.2216,752999.7616,79.617,189.2427,3.7081,1.1167,0,8,256,32,256,32,3
0.408,nvme0n1,22266.2328,12440.0047,2650025.6219,1544643.7477,54.0443,102.5269,4.3989,0.3689,0,8,256,32,256,32,3
0.511,nvme0n1,804.271,13110.5869,24244.4113,1384198.9094,25.194,8.2462,0.4458,0.5942,0,8,256,32,256,32,3
0.105,nvme0n1,49887.6446,6365.7712,5912854.2276,761892.4168,71.1582,223.6674,4.2641,1.7175,0,8,256,32,256,32,4
0.208,nvme0n1,49651.6896,6423.5721,5925347.4379,771915.4208,83.4482,181.5678,3.5361,0.9335,0,8,256,32,256,32,4
0.311,nvme0n1,47882.5188,6281.5934,5736328.6728,748485.0192,79.983,197.3142,3.9866,1.0248,0,8,256,32,256,32,4
0.412,nvme0n1,21128.5479,10967.1904,2523225.2369,1374869.0055,58.9634,64.1718,2.5805,0.8799,0,8,256,32,256,32,4
0.516,nvme0n1,3699.4887,14865.7465,335283.1124,1553010.4967,38.7381,38.0989,2.4293,1.9479,0,8,256,32,256,32,4
0.619,nvme0n1,0.0,0.0,0.0,0.0,0.0,0.0,0.0,0.0,0,8,256,32,256,32,4
0.104,nvme0n1,50522.4885,6093.5074,5987933.7244,731298.8844,70.1972,234.8486,4.5044,1.192,0,8,256,32,256,32,5
0.206,nvme0n1,50359.5088,6603.8851,6010658.9246,787777.0683,84.0139,192.851,3.7135,0.8861,0,8,256,32,256,32,5
0.308,nvme0n1,50465.8994,6566.6709,6023064.7275,783826.1892,80.7297,214.4751,4.1046,1.1169,0,8,256,32,256,32,5
0.41,nvme0n1,16976.8311,14248.4118,2016639.2307,1769306.5564,48.8964,85.3633,4.7085,0.3795,0,8,256,32,256,32,5
0.513,nvme0n1,1489.8648,8208.8631,103720.8839,795256.7378,18.5016,2.3955,0.4052,0.2088,0,8,256,32,256,32,5
0.101,nvme0n1,24065.0082,23865.9594,2878719.3849,2929242.964,76.6338,26.7522,0.861,0.2523,0,8,256,32,256,4,1
0.201,nvme0n1,308.3644,19984.0009,1233.4575,2362270.0472,39.789,2.9245,0.2258,0.1404,0,8,256,32,256,4,1
0.101,nvme0n1,22831.3693,24224.7397,2740167.3932,3001001.3556,70.6638,28.4646,1.0017,0.2305,0,8,256,32,256,4,2
0.201,nvme0n1,656.0599,18429.3187,15482.0193,2161697.4504,35.7851,2.8429,0.2121,0.1429,0,8,256,32,256,4,2
0.101,nvme0n1,24541.9506,23926.9139,2941527.3742,2968762.5906,77.3756,29.8194,0.958,0.2633,0,8,256,32,256,4,3
0.202,nvme0n1,346.6949,20435.1905,1386.7798,2415294.8971,51.509,3.041,0.2857,0.1411,0,8,256,32,256,4,3
0.101,nvme0n1,23695.0088,23137.7134,2845306.8114,2869036.6512,73.6426,27.9145,0.9273,0.2563,0,8,256,32,256,4,4
0.201,nvme0n1,318.2653,20786.7013,1273.0611,2391684.0305,37.794,3.4214,0.25,0.1584,0,8,256,32,256,4,4
0.101,nvme0n1,23205.7684,22798.4754,2778990.1092,2824547.3241,77.485,23.5833,0.756,0.2649,0,8,256,32,256,4,5
0.202,nvme0n1,307.9074,20004.0497,1231.6297,2374423.0883,48.6692,3.9829,0.2903,0.1922,0,8,256,32,256,4,5
0.102,nvme0n1,34908.831,16725.0949,4179524.3503,2074581.9586,75.8888,47.4058,1.1005,0.5374,0,8,256,32,256,8,1
0.204,nvme0n1,10500.5511,15319.0282,1237504.6632,1846723.0832,46.1239,12.5222,0.7336,0.3081,0,8,256,32,256,8,1
0.103,nvme0n1,31640.9256,15159.0313,3781438.4786,1885795.2488,72.5125,34.6786,0.8755,0.4602,0,8,256,32,256,8,2
0.207,nvme0n1,13605.018,8775.5727,1623744.9791,1106682.2846,52.8071,9.8605,0.5476,0.2746,0,8,256,32,256,8,2
0.308,nvme0n1,770.4092,19596.049,15763.7571,2247895.9656,45.4344,5.8867,0.2308,0.2883,0,8,256,32,256,8,2
0.103,nvme0n1,34405.6945,16232.7802,4104797.2691,2009159.9678,83.845,51.5354,1.2726,0.4781,0,8,256,32,256,8,3
0.204,nvme0n1,9795.4392,16713.345,1164376.1714,2038830.9934,52.2292,11.8649,0.8531,0.2075,0,8,256,32,256,8,3
0.102,nvme0n1,37436.9857,17404.7411,4473008.5902,2156370.3778,83.9616,54.1898,1.2509,0.4228,0,8,256,32,256,8,4
0.203,nvme0n1,5814.092,19409.8197,674660.9349,2290496.4515,57.0588,12.2283,0.8613,0.369,0,8,256,32,256,8,4
0.101,nvme0n1,37145.5669,17452.8664,4435728.7589,2155949.3199,77.304,59.6529,1.3959,0.4475,0,8,256,32,256,8,5
0.202,nvme0n1,6486.9412,19312.2678,758244.1991,2294178.5655,52.4898,13.4691,1.2855,0.2621,0,8,256,32,256,8,5
0.101,nvme0n1,10010.2588,10348.5777,1190693.4206,1270606.3317,49.7528,4.8459,0.3032,0.174,0,8,256,32,32,1,1
0.201,nvme0n1,29.837,1720.6028,119.3482,203090.8094,5.9674,0.1989,0.3333,0.1098,0,8,256,32,32,1,1
0.302,nvme0n1,19.8899,1730.4232,79.5597,209162.4157,3.978,0.1989,0.5,0.1034,0,8,256,32,32,1,1
0.402,nvme0n1,19.9087,1652.4227,79.6348,199166.7051,7.9635,0.1891,0.5,0.1084,0,8,256,32,32,1,1
0.503,nvme0n1,29.8582,1801.4466,119.4329,212073.0644,6.9669,0.219,0.3333,0.1105,0,8,256,32,32,1,1
0.603,nvme0n1,19.9043,1731.6699,79.617,209313.1077,4.9761,0.199,0.5,0.1034,0,8,256,32,32,1,1
0.704,nvme0n1,8855.8301,9581.392,1080868.4788,1152828.3106,47.7082,5.0392,0.376,0.1784,0,8,256,32,32,1,1
0.805,nvme0n1,487.1524,2067.9121,55764.0336,243775.0229,4.9709,0.4176,0.3673,0.1154,0,8,256,32,32,1,1
0.905,nvme0n1,198.7956,1948.1968,20744.3199,229569.1484,4.9699,0.2883,0.3,0.1173,0,8,256,32,32,1,1
1.006,nvme0n1,29.8206,1908.5203,119.2825,201666.9812,4.9701,0.2286,0.3333,0.1094,0,8,256,32,32,1,1
1.106,nvme0n1,19.8965,1850.3774,79.5861,209271.7201,3.9793,0.2189,0.0,0.1129,0,8,256,32,32,1,1
1.207,nvme0n1,19.899,1900.3557,79.5961,206710.944,4.9748,0.2288,0.5,0.1152,0,8,256,32,32,1,1
1.307,nvme0n1,6003.2941,6222.3198,698114.4101,735687.2658,32.8538,2.2998,0.2604,0.1168,0,8,256,32,32,1,1
1.408,nvme0n1,616.9776,2258.9341,69867.7382,260404.3546,3.9805,0.4379,0.2903,0.1145,0,8,256,32,32,1,1
1.508,nvme0n1,29.8667,1732.268,119.4668,201938.6428,6.9689,0.2091,0.3333,0.1034,0,8,256,32,32,1,1
1.609,nvme0n1,19.9105,1732.2132,79.642,209378.7817,5.9731,0.1991,0.5,0.1092,0,8,256,32,32,1,1
0.101,nvme0n1,10517.4123,10387.9365,1201848.4033,1249739.4799,48.8024,5.2985,0.3324,0.1735,0,8,256,32,32,1,2
0.201,nvme0n1,99.4366,1650.6479,9307.2674,200583.5458,2.9831,0.2188,0.4,0.1084,0,8,256,32,32,1,2
0.302,nvme0n1,19.8955,1651.3245,79.5819,198994.5444,4.9739,0.199,0.5,0.1024,0,8,256,32,32,1,2
0.402,nvme0n1,29.8626,1722.0777,119.4505,201911.118,5.9725,0.1991,0.3333,0.1098,0,8,256,32,32,1,2
0.503,nvme0n1,19.9093,1732.1083,79.6372,209366.0967,3.9819,0.1991,0.5,0.1092,0,8,256,32,32,1,2
0.603,nvme0n1,29.8591,1721.8743,119.4364,201887.2778,4.9765,0.1991,0.3333,0.104,0,8,256,32,32,1,2
0.704,nvme0n1,4717.9351,5912.349,575284.498,716210.4128,18.9116,2.5182,0.3249,0.1667,0,8,256,32,32,1,2
0.804,nvme0n1,4635.5842,5749.7161,562591.812,689687.3958,19.8952,2.5167,0.3326,0.1678,0,8,256,32,32,1,2
0.905,nvme0n1,189.1023,1821.3537,20771.3947,219517.9112,3.9811,0.2687,0.3684,0.1093,0,8,256,32,32,1,2
1.005,nvme0n1,29.8737,1722.7145,119.4946,202184.9397,5.9747,0.2091,0.3333,0.1098,0,8,256,32,32,1,2
1.105,nvme0n1,19.9258,1733.5423,79.7031,209539.43,3.9852,0.1893,0.5,0.1034,0,8,256,32,32,1,2
1.206,nvme0n1,29.8747,1722.7735,119.4987,202032.5402,5.9749,0.2091,0.3333,0.104,0,8,256,32,32,1,2
1.306,nvme0n1,378.0692,1950.041,41980.603,235358.0149,5.9695,0.3084,0.2632,0.1122,0,8,256,32,32,1,2
1.407,nvme0n1,6251.9087,6351.4614,725973.0289,768745.8404,30.8613,2.3793,0.2611,0.116,0,8,256,32,32,1,2
1.507,nvme0n1,19.9029,1661.8914,79.6116,199148.3334,2.9854,0.199,0.5,0.1078,0,8,256,32,32,1,2
1.608,nvme0n1,19.9085,1652.4087,79.6342,199165.018,4.9771,0.1891,0.5,0.1084,0,8,256,32,32,1,2
1.708,nvme0n1,766.6527,1682.6532,71378.35,189532.469,12.9435,0.2987,0.1299,0.1124,0,8,256,32,32,1,2
0.101,nvme0n1,10399.4777,10538.8008,1209951.8603,1278906.8658,49.7583,5.0057,0.3091,0.1709,0,8,256,32,32,1,3
0.201,nvme0n1,19.9067,1731.8805,79.6267,210891.2847,4.9767,0.1991,0.5,0.1092,0,8,256,32,32,1,3
0.302,nvme0n1,29.8535,1721.5509,119.4139,201849.3496,5.9707,0.209,0.3333,0.1098,0,8,256,32,32,1,3
0.402,nvme0n1,19.905,1731.738,79.6201,209321.3404,8.9573,0.1991,0.5,0.1034,0,8,256,32,32,1,3
0.503,nvme0n1,29.8564,1721.7171,119.4255,201868.8373,5.9713,0.209,0.3333,0.1098,0,8,256,32,32,1,3
0.603,nvme0n1,19.9079,1652.3564,79.6316,199158.7157,3.9816,0.1891,0.5,0.1024,0,8,256,32,32,1,3
0.704,nvme0n1,7291.4621,8136.9931,889269.8973,980617.0954,37.8002,4.1978,0.3793,0.176,0,8,256,32,32,1,3
0.804,nvme0n1,2049.7953,3532.4142,248323.7451,425043.9611,12.9356,1.204,0.3252,0.1521,0,8,256,32,32,1,3
0.905,nvme0n1,199.0448,1890.9256,20810.134,222412.6617,6.9666,0.2986,0.35,0.1105,0,8,256,32,32,1,3
1.005,nvme0n1,19.908,1652.3615,79.6319,199199.1501,3.9816,0.1891,0.5,0.1084,0,8,256,32,32,1,3
1.106,nvme0n1,29.8624,1722.0629,119.4495,201909.3875,5.9725,0.1991,0.3333,0.1098,0,8,256,32,32,1,3
1.206,nvme0n1,19.9013,1751.3141,79.6052,209441.2426,4.9753,0.209,0.5,0.108,0,8,256,32,32,1,3
1.307,nvme0n1,2765.5343,3740.4348,321015.8559,451836.5694,15.9167,1.333,0.3273,0.1144,0,8,256,32,32,1,3
1.407,nvme0n1,3840.3738,4487.0689,446453.4088,541711.5937,20.8932,1.5322,0.2617,0.1153,0,8,256,32,32,1,3
1.508,nvme0n1,19.9074,1652.3141,79.6296,199153.6131,4.9768,0.1891,0.5,0.1084,0,8,256,32,32,1,3
1.608,nvme0n1,29.8623,1722.0566,119.449,201908.6479,7.9633,0.209,0.3333,0.104,0,8,256,32,32,1,3
0.101,nvme0n1,10262.401,10531.1545,1207603.9037,1283885.097,53.7507,5.0167,0.3133,0.172,0,8,256,32,32,1,4
0.201,nvme0n1,19.8915,1650.9909,79.5658,200585.4533,6.962,0.189,0.5,0.1024,0,8,256,32,32,1,4
0.302,nvme0n1,29.836,1780.2156,119.3441,209329.4895,4.9727,0.2188,0.6667,0.1117,0,8,256,32,32,1,4
0.402,nvme0n1,19.9049,1701.8712,79.6197,202871.011,2.9857,0.199,0.0,0.1053,0,8,256,32,32,1,4
0.503,nvme0n1,29.8632,1722.1129,119.4529,201915.2443,3.9818,0.1991,0.6667,0.1098,0,8,256,32,32,1,4
0.603,nvme0n1,19.9098,1732.1559,79.6394,209371.8533,5.973,0.1991,0.0,0.1034,0,8,256,32,32,1,4
0.704,nvme0n1,7958.1386,8763.9001,972016.9962,1055766.4573,33.8221,4.1183,0.325,0.1759,0,8,256,32,32,1,4
0.804,nvme0n1,1374.2467,2937.7012,165706.2657,352285.1477,11.95,0.8763,0.3261,0.1424,0,8,256,32,32,1,4
0.905,nvme0n1,199.0335,1781.3502,20808.9563,209980.3815,7.9613,0.5374,1.65,0.1117,0,8,256,32,32,1,4
1.005,nvme0n1,19.8987,1651.5924,79.5948,199106.4328,4.9747,0.199,0.5,0.1084,0,8,256,32,32,1,4
1.106,nvme0n1,29.8602,1721.9369,119.4407,201894.6184,7.9627,0.2289,1.0,0.1098,0,8,256,32,32,1,4
1.206,nvme0n1,19.9066,1652.2497,79.6265,199145.8566,4.9767,0.1891,0.5,0.1084,0,8,256,32,32,1,4
1.307,nvme0n1,2766.101,3781.0013,321081.6354,456983.7572,13.93,1.1343,0.2518,0.1132,0,8,256,32,32,1,4
1.407,nvme0n1,3840.4556,4536.9113,446462.9145,546737.6086,18.9038,1.5123,0.2591,0.114,0,8,256,32,32,1,4
1.508,nvme0n1,19.9056,1652.1676,79.6225,199135.9621,3.9811,0.1891,0.5,0.1084,0,8,256,32,32,1,4
1.608,nvme0n1,29.8649,1722.2098,119.4596,201926.6112,6.9685,0.2091,0.3333,0.1098,0,8,256,32,32,1,4
0.101,nvme0n1,10519.2192,10350.0359,1210103.311,1248612.411,54.7358,5.3342,0.3359,0.1731,0,8,256,32,32,1,5
0.201,nvme0n1,19.8881,1650.7161,79.5526,200472.5105,3.9776,0.1889,0.5,0.1084,0,8,256,32,32,1,5
0.302,nvme0n1,19.8871,1730.1768,79.5484,209092.8606,4.9718,0.1989,0.5,0.1092,0,8,256,32,32,1,5
0.402,nvme0n1,29.863,1722.0969,119.4518,201913.3691,4.9772,0.209,0.3333,0.1098,0,8,256,32,32,1,5
0.503,nvme0n1,19.902,1671.7667,79.6079,199378.0829,8.9559,0.199,0.5,0.1071,0,8,256,32,32,1,5
0.603,nvme0n1,29.8627,1722.0798,119.4506,201911.3652,4.9771,0.209,0.3333,0.1098,0,8,256,32,32,1,5
0.704,nvme0n1,5082.5588,6355.6851,620355.644,770440.3234,24.8657,2.6954,0.3229,0.1659,0,8,256,32,32,1,5
0.804,nvme0n1,4248.851,5303.6008,517250.3399,635078.8379,22.8861,2.3384,0.3396,0.167,0,8,256,32,32,1,5
0.905,nvme0n1,189.0588,1900.5389,20766.6209,229656.7366,5.9703,0.2886,0.3684,0.1152,0,8,256,32,32,1,5
1.005,nvme0n1,29.8619,1722.0365,119.4476,202105.3658,4.977,0.1991,0.3333,0.1098,0,8,256,32,32,1,5
1.106,nvme0n1,19.9054,1721.8139,79.6215,208050.8555,3.9811,0.1991,0.5,0.104,0,8,256,32,32,1,5
1.206,nvme0n1,29.8505,1731.3294,119.402,203102.8487,7.9601,0.209,0.3333,0.1092,0,8,256,32,32,1,5
1.307,nvme0n1,666.6004,2168.9387,76226.2545,261466.5494,5.9696,0.4179,0.2537,0.1101,0,8,256,32,32,1,5
1.407,nvme0n1,5940.5412,6059.9491,691386.456,732129.4142,30.847,2.2986,0.268,0.1149,0,8,256,32,32,1,5
1.508,nvme0n1,19.9041,1652.0386,79.6163,199160.217,3.9808,0.1891,0.5,0.1084,0,8,256,32,32,1,5
1.608,nvme0n1,19.9081,1732.0043,79.6324,209353.5341,5.9724,0.1991,0.5,0.1092,0,8,256,32,32,1,5
1.709,nvme0n1,765.9615,1601.5558,71313.9977,179175.3,10.9423,0.2885,0.1169,0.1118,0,8,256,32,32,1,5
0.102,nvme0n1,45440.8857,9237.5503,5450911.363,1115738.8399,78.6174,77.2711,1.6006,0.4915,0,8,256,32,32,16,1
0.203,nvme0n1,46433.4613,8937.4795,5551235.2257,1077706.1361,81.8776,85.0836,1.7465,0.4459,0,8,256,32,32,16,1
0.307,nvme0n1,34284.5597,6119.8181,4119573.5265,747956.2208,76.619,45.4477,1.2574,0.3819,0,8,256,32,32,16,1
0.408,nvme0n1,4321.9123,11774.5036,457034.8411,1408490.5414,40.3641,3.111,0.344,0.1355,0,8,256,32,32,16,1
0.509,nvme0n1,317.5843,14013.4072,1270.3372,1575575.4015,42.6754,3.7018,0.3125,0.2521,0,8,256,32,32,16,1
0.102,nvme0n1,45089.7135,8720.3663,5344545.0246,1056376.3112,80.7989,103.2156,2.2249,0.3322,0,8,256,32,32,16,2
0.203,nvme0n1,43833.6969,9302.233,5282285.3167,1116976.7022,72.8429,53.3033,1.1594,0.2667,0,8,256,32,32,16,2
0.309,nvme0n1,33537.4924,6261.7171,4035785.2883,762210.5845,72.7228,47.232,1.3534,0.2956,0,8,256,32,32,16,2
0.411,nvme0n1,7452.4395,9384.1902,817748.3376,1134339.733,49.0292,4.5499,0.4329,0.1379,0,8,256,32,32,16,2
0.512,nvme0n1,257.236,14721.814,1028.944,1697243.1059,37.596,2.9582,0.2692,0.1929,0,8,256,32,32,16,2
0.102,nvme0n1,44746.9165,8643.8427,5328973.3673,1052045.3456,70.9643,88.8433,1.9055,0.4139,0,8,256,32,32,16,3
0.203,nvme0n1,45810.0791,9083.2028,5502179.6436,1112209.6116,75.8576,68.5772,1.4299,0.3384,0,8,256,32,32,16,3
0.308,nvme0n1,34497.8273,6416.1931,4144376.39,773587.6425,67.1351,43.82,1.1832,0.4544,0,8,256,32,32,16,3
0.412,nvme0n1,5065.3547,9479.5863,552042.273,1150764.3271,37.3438,3.0067,0.3138,0.1485,0,8,256,32,32,16,3
0.513,nvme0n1,307.5439,14930.7603,1230.1756,1699110.5969,34.7227,2.252,0.4194,0.1382,0,8,256,32,32,16,3
0.102,nvme0n1,44889.5895,9058.6581,5350516.1112,1100745.118,75.817,83.6744,1.7624,0.5033,0,8,256,32,32,16,4
0.203,nvme0n1,44441.552,9273.043,5321725.417,1116868.9803,73.987,67.5551,1.4537,0.3191,0,8,256,32,32,16,4
0.307,nvme0n1,35255.524,6004.6374,4227520.5779,728433.9585,62.7494,55.4415,1.5153,0.336,0,8,256,32,32,16,4
0.409,nvme0n1,6159.5401,10413.2576,671183.5711,1270888.9702,41.2601,3.9492,0.3955,0.1425,0,8,256,32,32,16,4
0.51,nvme0n1,304.5115,14537.9685,1218.046,1655835.3235,37.3272,3.3889,0.4194,0.2189,0,8,256,32,32,16,4
0.102,nvme0n1,46462.3208,8994.2997,5521186.8874,1089978.7962,76.0221,101.3068,2.1041,0.3941,0,8,256,32,32,16,5
0.204,nvme0n1,45383.4691,8972.7472,5442123.1964,1098303.4869,79.4309,74.665,1.5663,0.3978,0,8,256,32,32,16,5
0.309,nvme0n1,33585.6195,6024.2837,4040705.0095,737646.414,65.6675,42.1224,1.1791,0.4186,0,8,256,32,32,16,5
0.411,nvme0n1,4582.397,11123.0832,487902.8833,1357564.474,39.1658,3.6816,0.3846,0.1699,0,8,256,32,32,16,5
0.512,nvme0n1,325.8562,14308.051,1303.4249,1621974.0854,30.6107,2.7352,0.3333,0.1794,0,8,256,32,32,16,5
0.101,nvme0n1,18966.4875,19593.7257,2319646.2265,2467853.6456,64.715,12.047,0.4367,0.1926,0,8,256,32,32,2,1
0.201,nvme0n1,39.7896,3222.9555,159.1583,389579.7155,10.9421,0.3681,0.5,0.1049,0,8,256,32,32,2,1
0.302,nvme0n1,59.6777,3371.7926,238.711,392918.2689,13.9248,0.3979,0.3333,0.1062,0,8,256,32,32,2,1
0.402,nvme0n1,39.818,3294.9366,159.2719,397821.2844,7.9636,0.3683,0.25,0.1057,0,8,256,32,32,2,1
0.503,nvme0n1,39.8079,3304.0538,159.2315,398038.9644,11.9424,0.3682,0.5,0.1054,0,8,256,32,32,2,1
0.603,nvme0n1,59.778,3287.7901,239.112,383097.2878,12.9519,0.3786,0.3333,0.1061,0,8,256,32,32,2,1
0.704,nvme0n1,8991.044,5887.9403,1031762.0864,722903.8104,29.8375,3.68,0.3551,0.0811,0,8,256,32,32,2,1
0.804,nvme0n1,4218.5288,4238.4275,503751.0432,498821.1351,27.8582,1.8904,0.3514,0.0939,0,8,256,32,32,2,1
0.905,nvme0n1,238.6725,2804.4017,21957.8688,334738.1629,17.9004,0.3779,0.25,0.1064,0,8,256,32,32,2,1
0.101,nvme0n1,19041.1475,19399.2882,2322895.6408,2440927.8741,70.6333,12.6444,0.4556,0.2041,0,8,256,32,32,2,2
0.201,nvme0n1,39.7682,3221.2244,159.0728,389450.005,12.9247,0.3679,0.25,0.108,0,8,256,32,32,2,2
0.302,nvme0n1,59.6318,3438.7688,238.5273,403349.6948,7.9509,0.3876,0.5,0.1012,0,8,256,32,32,2,2
0.403,nvme0n1,39.7786,3301.6253,159.1145,398064.635,2.9834,0.3779,0.25,0.1054,0,8,256,32,32,2,2
0.503,nvme0n1,39.7792,3371.2878,159.1168,407697.0895,11.9338,0.368,0.5,0.1032,0,8,256,32,32,2,2
0.604,nvme0n1,59.67,3361.4121,238.6802,392469.7287,9.945,0.3879,0.3333,0.1065,0,8,256,32,32,2,2
0.704,nvme0n1,10009.7266,6198.8665,1153566.2711,761057.6261,37.8101,4.1094,0.3598,0.0803,0,8,256,32,32,2,2
0.805,nvme0n1,3192.2724,4007.7439,382212.4671,469791.1184,12.9282,1.5216,0.3489,0.0993,0,8,256,32,32,2,2
0.905,nvme0n1,238.6695,2754.6438,21957.5937,326778.3187,6.9612,0.3779,0.3333,0.1083,0,8,256,32,32,2,2
0.101,nvme0n1,19054.6335,19363.0897,2324595.6313,2434853.8002,63.6813,11.8407,0.4193,0.1989,0,8,256,32,32,2,3
0.201,nvme0n1,39.7685,3310.7257,159.0739,400150.4203,9.9421,0.3778,0.5,0.1081,0,8,256,32,32,2,3
0.302,nvme0n1,59.6384,3439.1495,238.5537,403116.0325,14.9096,0.4075,0.3333,0.1069,0,8,256,32,32,2,3
0.403,nvme0n1,39.7786,3291.6765,159.1143,397626.5601,9.9446,0.3779,0.5,0.1057,0,8,256,32,32,2,3
0.503,nvme0n1,39.7821,3301.9131,159.1283,397542.386,7.9564,0.368,0.5,0.1054,0,8,256,32,32,2,3
0.604,nvme0n1,59.6725,3441.1125,238.6899,402669.8379,5.9672,0.3978,0.3333,0.1012,0,8,256,32,32,2,3
0.704,nvme0n1,9524.2075,6024.7074,1094612.7911,739428.4503,42.7496,3.9966,0.3685,0.0809,0,8,256,32,32,2,3
0.805,nvme0n1,3709.5405,4097.4013,440241.903,481544.1061,8.9506,1.7006,0.3485,0.0971,0,8,256,32,32,2,3
0.905,nvme0n1,248.8585,2876.804,22018.9978,337531.7251,10.9498,0.3982,0.28,0.1073,0,8,256,32,32,2,3
0.101,nvme0n1,19075.2432,19224.5017,2327219.4675,2416396.478,66.6688,12.4581,0.434,0.2174,0,8,256,32,32,2,4
0.201,nvme0n1,39.7691,3221.2997,159.0765,389578.4155,6.9596,0.3579,0.5,0.1049,0,8,256,32,32,2,4
0.302,nvme0n1,39.794,3302.9051,159.1761,398218.9303,6.964,0.378,0.25,0.1054,0,8,256,32,32,2,4
0.402,nvme0n1,59.7123,3284.1745,238.8491,383671.1998,4.976,0.408,0.5,0.1152,0,8,256,32,32,2,4
0.503,nvme0n1,39.7907,3302.6315,159.163,398225.7309,5.9686,0.4178,0.25,0.1145,0,8,256,32,32,2,4
0.603,nvme0n1,39.8058,3303.8791,159.2231,398415.9691,7.9612,0.4279,0.5,0.1265,0,8,256,32,32,2,4
0.704,nvme0n1,6843.9163,5580.5771,769900.7981,679537.2283,27.8531,2.8947,0.3474,0.0891,0,8,256,32,32,2,4
0.804,nvme0n1,6385.953,4754.6504,765692.6789,563714.5334,28.8462,2.6658,0.3458,0.0941,0,8,256,32,32,2,4
0.905,nvme0n1,238.6767,3023.2381,21998.0352,348905.5455,18.8952,0.4475,0.3333,0.1184,0,8,256,32,32,2,4
0.101,nvme0n1,19076.8641,19265.941,2328686.0288,2420263.9327,66.6745,12.0313,0.4408,0.188,0,8,256,32,32,2,5
0.201,nvme0n1,39.7582,3289.9919,159.0328,398456.789,6.9577,0.3678,0.5,0.1057,0,8,256,32,32,2,5
0.302,nvme0n1,39.7575,3270.055,159.03,393996.8987,7.9515,0.3777,0.25,0.1064,0,8,256,32,32,2,5
0.403,nvme0n1,59.6612,3400.6891,238.6448,398377.7958,9.9435,0.3977,0.3333,0.1053,0,8,256,32,32,2,5
0.503,nvme0n1,39.7834,3302.0199,159.1335,398151.9868,12.9296,0.368,0.5,0.1084,0,8,256,32,32,2,5
0.604,nvme0n1,49.7276,3371.5309,198.9104,400844.1876,13.9237,0.3879,0.4,0.1062,0,8,256,32,32,2,5
0.704,nvme0n1,8211.5816,5835.5913,940882.2291,713234.5196,27.8359,3.4497,0.3571,0.0852,0,8,256,32,32,2,5
0.805,nvme0n1,5001.2267,4354.945,593848.4474,517264.0557,27.8398,2.1377,0.3419,0.0959,0,8,256,32,32,2,5
0.905,nvme0n1,248.6532,2953.9997,22000.8327,347637.0275,13.9246,0.3978,0.28,0.1077,0,8,256,32,32,2,5
0.102,nvme0n1,48575.6229,5167.8277,5781140.2066,614031.8913,78.3004,193.6761,3.8948,0.8674,0,8,256,32,32,32,1
0.204,nvme0n1,52207.1348,5041.8411,6222010.3491,601325.5521,81.5736,215.6984,4.0761,0.575,0,8,256,32,32,32,1
0.307,nvme0n1,45298.4619,5163.4047,5469847.3976,615656.0842,82.3432,113.1105,2.4033,0.8199,0,8,256,32,32,32,1
0.412,nvme0n1,32620.6489,4051.305,3968329.6496,489825.7018,62.1073,28.3018,0.836,0.2571,0,8,256,32,32,32,1
0.519,nvme0n1,33387.4434,4099.7197,4057688.2231,483429.9625,65.5206,31.5622,0.9232,0.1804,0,8,256,32,32,32,1
0.624,nvme0n1,12502.747,4088.1696,1509182.5768,510478.0119,38.1181,13.2079,1.0076,0.1469,0,8,256,32,32,32,1
0.725,nvme0n1,6131.6403,13163.2472,670331.6865,1477843.9903,49.4487,6.1119,0.5855,0.1878,0,8,256,32,32,32,1
0.827,nvme0n1,18884.1811,1714.962,2092189.8868,161735.6121,41.1591,9.5646,0.494,0.1314,0,8,256,32,32,32,1
0.928,nvme0n1,4668.8731,8822.2868,462059.835,961371.5282,42.6245,3.5487,0.3036,0.2371,0,8,256,32,32,32,1
0.103,nvme0n1,50826.8807,4907.0866,6050584.0628,586274.8984,79.0207,184.9377,3.5482,0.9364,0,8,256,32,32,32,2
0.205,nvme0n1,49299.5162,5535.6258,5932106.366,677096.5067,81.6087,137.2894,2.7206,0.5719,0,8,256,32,32,32,2
0.31,nvme0n1,47413.639,5115.4812,5698459.9262,623630.6007,83.0311,140.294,2.8951,0.5914,0,8,256,32,32,32,2
0.413,nvme0n1,47660.0678,5387.8278,5771213.2322,660597.8934,79.176,89.353,1.8132,0.5466,0,8,256,32,32,32,2
0.523,nvme0n1,24394.7261,2561.1738,2963991.0048,308067.4267,50.8602,36.1925,1.4598,0.227,0,8,256,32,32,32,2
0.625,nvme0n1,8299.8783,13129.9737,935727.4874,1611319.8353,55.2011,8.5857,0.6544,0.238,0,8,256,32,32,32,2
0.726,nvme0n1,15109.9801,4750.8222,1663191.8805,406402.2829,38.4403,8.6638,0.5329,0.1183,0,8,256,32,32,32,2
0.827,nvme0n1,10798.9262,8980.8917,1133390.5223,985672.7358,41.7254,4.1924,0.2778,0.1283,0,8,256,32,32,32,2
0.102,nvme0n1,48580.0372,5239.697,5795379.6274,629548.6138,76.5349,149.0174,2.9653,0.9476,0,8,256,32,32,32,3
0.204,nvme0n1,51956.5792,4968.3111,6176718.0843,603958.4857,82.3152,217.6257,4.0947,0.9822,0,8,256,32,32,32,3
0.307,nvme0n1,51474.4855,5190.458,6157095.2618,623715.1478,85.0414,158.0597,2.9784,0.9153,0,8,256,32,32,32,3
0.409,nvme0n1,47417.4365,5271.8523,5732198.9866,649227.1455,83.8039,93.3245,1.8596,0.9778,0,8,256,32,32,32,3
0.517,nvme0n1,32994.3797,3442.8918,4001135.4139,412850.8528,61.0836,61.0465,1.7689,0.7769,0,8,256,32,32,32,3
0.62,nvme0n1,4973.6943,10598.243,570216.561,1347871.1437,30.1142,3.7594,0.4453,0.1457,0,8,256,32,32,32,3
0.722,nvme0n1,2534.6282,7909.618,237268.814,738099.5113,33.532,1.9034,0.3152,0.1297,0,8,256,32,32,32,3
0.823,nvme0n1,15443.9243,6442.3792,1668689.8405,732336.4661,42.4881,7.717,0.4293,0.1641,0,8,256,32,32,32,3
0.102,nvme0n1,49473.5681,5199.4827,5858669.1533,620249.2302,70.6345,203.3881,4.0286,0.783,0,8,256,32,32,32,4
0.209,nvme0n1,49794.087,4892.4117,5907339.2377,583721.7788,77.6425,170.5235,3.347,0.7897,0,8,256,32,32,32,4
0.313,nvme0n1,52063.0307,5668.8924,6265236.7177,683589.2344,81.1221,144.0401,2.6878,0.7257,0,8,256,32,32,32,4
0.415,nvme0n1,50958.7327,5286.0542,6124634.9952,629176.9886,87.7758,185.8409,3.5657,0.7804,0,8,256,32,32,32,4
0.521,nvme0n1,35113.6855,3161.086,4211283.3077,371812.0661,56.9565,133.2497,3.7432,0.5766,0,8,256,32,32,32,4
0.626,nvme0n1,5187.2601,11026.471,596090.8335,1398462.6567,38.7391,4.8849,0.643,0.1397,0,8,256,32,32,32,4
0.73,nvme0n1,3014.9937,7028.5224,292022.9877,635688.6497,27.1446,1.7838,0.2797,0.1241,0,8,256,32,32,32,4
0.831,nvme0n1,7564.5579,6747.0341,790584.9464,769693.765,40.3837,3.4178,0.3307,0.1328,0,8,256,32,32,32,4
0.102,nvme0n1,48449.3876,5299.1518,5759932.1835,635662.2571,78.6516,172.2077,3.459,0.872,0,8,256,32,32,32,5
0.204,nvme0n1,52535.4274,4820.5746,6211153.3232,577447.8969,80.5065,196.4752,3.6397,1.0896,0,8,256,32,32,32,5
0.305,nvme0n1,52604.4737,5325.4155,6286662.8031,631883.6778,78.7492,156.0809,2.9079,0.586,0,8,256,32,32,32,5
0.408,nvme0n1,51060.8038,4967.4979,6118581.3778,603985.2879,80.0265,175.6386,3.35,0.9234,0,8,256,32,32,32,5
0.519,nvme0n1,37830.7977,3848.8803,4573411.7402,465543.2551,65.8005,106.8583,2.7358,0.8712,0,8,256,32,32,32,5
0.622,nvme0n1,3736.0961,9632.1228,419206.5229,1225439.522,35.9988,3.3469,0.526,0.1444,0,8,256,32,32,32,5
0.723,nvme0n1,703.4073,9570.3019,33550.5458,970543.5322,32.6936,2.8334,0.4225,0.2557,0,8,256,32,32,32,5
0.824,nvme0n1,7963.4592,6895.0696,844270.114,736239.1129,38.5807,3.0865,0.277,0.122,0,8,256,32,32,32,5
0.101,nvme0n1,27926.9771,19107.4096,3376728.6811,2375271.2501,72.4216,24.3357,0.7108,0.2347,0,8,256,32,32,4,1
0.202,nvme0n1,7378.1355,8887.5253,891537.9518,1101179.2823,29.7906,6.395,0.568,0.248,0,8,256,32,32,4,1
0.302,nvme0n1,79.5062,6241.2382,318.0249,753877.973,13.9136,0.7652,0.375,0.1146,0,8,256,32,32,4,1
0.403,nvme0n1,89.5812,6360.2655,358.3248,757976.4299,14.9302,0.7565,0.3333,0.1127,0,8,256,32,32,4,1
0.503,nvme0n1,109.3952,6155.9658,437.5808,721968.4817,16.9065,0.8453,0.3636,0.1276,0,8,256,32,32,4,1
0.101,nvme0n1,28848.9603,19784.1256,3491804.0471,2458105.7767,73.3112,24.5295,0.7067,0.2093,0,8,256,32,32,4,2
0.202,nvme0n1,6411.3441,8694.0208,773564.3966,1080678.6969,18.8569,4.9226,0.548,0.1621,0,8,256,32,32,4,2
0.303,nvme0n1,79.4481,6167.1553,317.7922,748360.9568,11.9172,0.7845,0.25,0.1208,0,8,256,32,32,4,2
0.403,nvme0n1,119.2416,6369.4911,476.9666,744067.8475,11.9242,0.7453,0.3333,0.1092,0,8,256,32,32,4,2
0.504,nvme0n1,79.5401,6263.7811,318.1603,754517.1705,12.9253,0.7457,0.375,0.1111,0,8,256,32,32,4,2
0.101,nvme0n1,29623.4608,20294.7998,3576296.0272,2524613.5481,77.408,24.2644,0.6791,0.2044,0,8,256,32,32,4,3
0.202,nvme0n1,5781.4963,8413.9646,695766.3284,1035543.4772,24.8346,5.7517,0.7801,0.1476,0,8,256,32,32,4,3
0.302,nvme0n1,79.5331,6074.3384,318.1323,734845.8231,18.8891,0.9246,0.375,0.1473,0,8,256,32,32,4,3
0.403,nvme0n1,119.2277,6368.744,476.9106,741755.0001,18.8777,0.8048,0.3333,0.1154,0,8,256,32,32,4,3
0.504,nvme0n1,79.5092,6440.2474,318.0369,775135.4609,17.8896,0.7752,0.5,0.1111,0,8,256,32,32,4,3
0.101,nvme0n1,28693.1595,19824.0036,3466821.9428,2456547.6166,77.4686,25.0184,0.7421,0.1879,0,8,256,32,32,4,4
0.202,nvme0n1,6844.9236,8623.213,823303.2435,1071901.1344,21.8561,5.2057,0.5501,0.1659,0,8,256,32,32,4,4
0.303,nvme0n1,79.2155,6366.9458,316.862,765617.8036,12.8725,0.7228,0.375,0.1073,0,8,256,32,32,4,4
0.404,nvme0n1,118.9251,6322.8504,475.7003,734600.2568,23.785,0.7829,0.25,0.1144,0,8,256,32,32,4,4
0.504,nvme0n1,79.2646,6331.2639,317.0586,762565.5649,14.8621,0.7134,0.5,0.1049,0,8,256,32,32,4,4
0.101,nvme0n1,30561.0307,20972.2842,3686218.5736,2607663.0803,81.311,26.9814,0.7317,0.2199,0,8,256,32,32,4,5
0.202,nvme0n1,4788.498,7812.2907,579026.5652,947904.4928,20.8196,4.6497,0.7081,0.1612,0,8,256,32,32,4,5
0.303,nvme0n1,119.14,6691.6969,476.56,764362.5483,13.8997,0.7843,0.3333,0.1068,0,8,256,32,32,4,5
0.403,nvme0n1,79.5562,6235.2176,318.2248,734701.5628,16.9057,0.7359,0.375,0.1116,0,8,256,32,32,4,5
0.504,nvme0n1,79.5965,6327.9256,318.3862,755450.8463,11.9395,0.7263,0.375,0.1069,0,8,256,32,32,4,5
0.101,nvme0n1,36209.7075,13095.0175,4337694.7876,1628543.9954,87.3001,45.783,1.0833,0.5015,0,8,256,32,32,8,1
0.205,nvme0n1,30963.7255,10440.2465,3708453.705,1309797.4283,64.6485,36.2224,1.0711,0.293,0,8,256,32,32,8,1
0.306,nvme0n1,78.6904,9324.8093,314.7615,1142348.151,21.6399,1.2099,0.25,0.1266,0,8,256,32,32,8,1
0.408,nvme0n1,187.6721,11339.3462,750.6884,1335356.1752,30.6202,1.4224,0.4211,0.1159,0,8,256,32,32,8,1
0.101,nvme0n1,38956.339,14168.6456,4650334.8817,1732877.9008,80.3121,56.2383,1.3647,0.2169,0,8,256,32,32,8,2
0.203,nvme0n1,28804.5784,11225.7462,3460343.6153,1381051.1012,63.7269,36.4126,1.2138,0.1293,0,8,256,32,32,8,2
0.304,nvme0n1,148.0832,10987.7738,592.3328,1316637.3929,25.6678,1.471,0.4,0.1231,0,8,256,32,32,8,2
0.406,nvme0n1,178.0904,11199.9063,712.3615,1324557.1184,30.6711,1.5039,0.3889,0.1246,0,8,256,32,32,8,2
0.102,nvme0n1,36799.4039,13274.9858,4382381.2851,1640224.5276,75.8852,49.6309,1.2742,0.2064,0,8,256,32,32,8,3
0.205,nvme0n1,25148.6041,9940.66,3040021.2919,1237509.9404,60.3644,13.1633,0.4421,0.2057,0,8,256,32,32,8,3
0.306,nvme0n1,5517.6926,4777.394,645846.4152,577393.4665,44.4179,3.7212,0.5599,0.1343,0,8,256,32,32,8,3
0.407,nvme0n1,177.9199,11465.9462,711.6794,1334438.4529,33.6071,1.4431,0.5,0.1147,0,8,256,32,32,8,3
0.508,nvme0n1,208.0656,10086.2253,832.2622,1139961.4365,26.7513,1.2484,0.2381,0.1139,0,8,256,32,32,8,3
0.101,nvme0n1,34559.4836,12842.0463,4132649.8297,1581029.4396,73.3831,34.0934,0.8869,0.268,0,8,256,32,32,8,4
0.205,nvme0n1,32501.7391,11100.505,3889903.1483,1367828.8979,74.1961,30.9889,0.877,0.2248,0,8,256,32,32,8,4
0.307,nvme0n1,285.0294,7725.2795,22905.5519,934778.473,20.6401,1.1106,0.4483,0.1247,0,8,256,32,32,8,4
0.407,nvme0n1,158.8723,11706.9018,635.4892,1366182.5358,26.8097,2.1249,0.375,0.1739,0,8,256,32,32,8,4
0.102,nvme0n1,38376.2843,14076.2433,4590174.0295,1729451.7001,73.0977,40.7075,0.983,0.2112,0,8,256,32,32,8,5
0.205,nvme0n1,28958.6021,10334.7405,3465022.2938,1267004.2837,62.0472,29.5791,0.9136,0.3021,0,8,256,32,32,8,5
0.306,nvme0n1,118.1955,10026.9186,472.782,1214577.0043,21.6692,1.2115,0.3333,0.1149,0,8,256,32,32,8,5
0.407,nvme0n1,178.008,11214.5062,712.0321,1326674.1055,36.5905,1.8295,0.6111,0.1499,0,8,256,32,32,8,5
0.101,nvme0n1,5522.5358,11064.9726,662624.6879,1343916.5418,39.8021,3.2936,0.3045,0.1439,0,8,256,32,512,1,1
0.201,nvme0n1,6065.7944,11664.2243,723892.8956,1397757.9034,38.7813,3.3809,0.2836,0.1424,0,8,256,32,512,1,1
0.302,nvme0n1,6037.0933,11626.6261,724028.4944,1414012.5569,36.7994,3.5904,0.313,0.1437,0,8,256,32,512,1,1
0.402,nvme0n1,4657.2967,9065.8063,489931.6957,1090245.3049,45.7768,2.5177,0.3269,0.1087,0,8,256,32,512,1,1
0.101,nvme0n1,6151.5708,11108.6619,733012.4198,1353823.373,36.8298,3.6432,0.3269,0.1461,0,8,256,32,512,1,2
0.201,nvme0n1,6077.3221,11120.2063,724041.8055,1333430.1063,35.8075,3.4216,0.2946,0.1458,0,8,256,32,512,1,2
0.302,nvme0n1,6032.2972,11627.3273,723493.0527,1406528.9689,40.7453,3.5776,0.3114,0.1444,0,8,256,32,512,1,2
0.403,nvme0n1,4493.9753,10121.3869,486055.2492,1222520.3723,39.7697,2.5154,0.3142,0.1081,0,8,256,32,512,1,2
0.101,nvme0n1,6076.5836,10589.194,725643.6957,1294212.6867,41.8388,3.7256,0.3459,0.1515,0,8,256,32,512,1,3
0.201,nvme0n1,6088.5793,11421.0605,724237.5,1364836.6241,36.81,3.4124,0.2827,0.1463,0,8,256,32,512,1,3
0.302,nvme0n1,6017.6613,11796.6055,724123.5888,1428005.9531,46.7488,3.541,0.3008,0.145,0,8,256,32,512,1,3
0.402,nvme0n1,4290.1428,9963.8815,481660.6002,1211870.7713,34.8387,2.5283,0.3271,0.1119,0,8,256,32,512,1,3
0.101,nvme0n1,5863.2188,10940.0297,704263.1653,1334146.0744,42.8045,3.5737,0.3328,0.1465,0,8,256,32,512,1,4
0.201,nvme0n1,6056.2914,11257.343,723905.827,1302828.6123,35.8007,3.4309,0.2808,0.1528,0,8,256,32,512,1,4
0.302,nvme0n1,6024.5282,11591.7489,723713.8453,1334820.7091,46.7249,4.0164,0.3746,0.1509,0,8,256,32,512,1,4
0.402,nvme0n1,4280.1577,10829.7943,481657.0907,1232486.329,33.8431,2.3889,0.2628,0.1149,0,8,256,32,512,1,4
0.101,nvme0n1,5195.2577,10878.1928,621360.7817,1311633.3723,40.8057,3.2346,0.3257,0.1418,0,8,256,32,512,1,5
0.201,nvme0n1,6089.2773,11332.8216,724280.7285,1302866.5432,41.7892,3.562,0.3007,0.1501,0,8,256,32,512,1,5
0.302,nvme0n1,6063.8086,12415.8966,723695.673,1426565.6428,46.7211,3.7973,0.3213,0.1481,0,8,256,32,512,1,5
0.402,nvme0n1,4696.6063,10169.3468,489879.9228,1141673.3592,40.7968,2.6767,0.3114,0.1164,0,8,256,32,512,1,5
0.102,nvme0n1,43327.9279,11303.7969,5170207.5152,1399141.2988,79.0475,83.5829,1.7701,0.6093,0,8,256,32,512,16,1
0.206,nvme0n1,34612.5776,10057.4562,4165547.6431,1251220.28,66.029,53.3591,1.3464,0.6717,0,8,256,32,512,16,1
0.308,nvme0n1,2574.4892,21558.8903,172304.0757,2470016.0201,45.201,11.6933,0.374,0.4941,0,8,256,32,512,16,1
0.103,nvme0n1,43813.4036,11387.7545,5219655.7943,1408940.1039,75.5911,85.9481,1.7811,0.6948,0,8,256,32,512,16,2
0.207,nvme0n1,34595.2196,10691.8485,4139268.685,1326249.0831,62.2733,63.8254,1.6669,0.5762,0,8,256,32,512,16,2
0.309,nvme0n1,2207.6446,20859.7887,140828.103,2387238.9585,49.0588,8.1928,0.3333,0.3532,0,8,256,32,512,16,2
0.102,nvme0n1,43915.3863,11478.1097,5214630.8153,1420794.236,77.1139,97.2723,1.9917,0.8544,0,8,256,32,512,16,3
0.21,nvme0n1,34337.7912,10000.9395,4085795.0834,1243443.9775,62.8525,75.3306,2.0256,0.5767,0,8,256,32,512,16,3
0.312,nvme0n1,449.1845,20974.9617,1796.7379,2394153.2196,34.1771,11.5909,0.5435,0.5377,0,8,256,32,512,16,3
0.102,nvme0n1,43828.8138,11188.8672,5191417.5138,1392742.8731,78.8643,76.1632,1.5659,0.6731,0,8,256,32,512,16,4
0.205,nvme0n1,33880.7352,10750.2447,4050630.121,1343120.8296,65.006,44.825,1.1672,0.491,0,8,256,32,512,16,4
0.306,nvme0n1,2342.5011,20785.9906,153710.5716,2373576.2795,40.5243,10.2101,0.4262,0.4389,0,8,256,32,512,16,4
0.102,nvme0n1,43792.9093,11546.2087,5193150.9937,1422792.151,72.8405,89.1706,1.8337,0.7673,0,8,256,32,512,16,5
0.209,nvme0n1,33367.07,10779.2666,3986410.4513,1338425.6011,67.3704,64.5914,1.786,0.4644,0,8,256,32,512,16,5
0.101,nvme0n1,11350.3074,19285.5662,1346713.9785,2354969.754,53.7646,10.972,0.6132,0.2065,0,8,256,32,512,2,1
0.201,nvme0n1,10715.3845,18756.8929,1246960.6279,2293291.0878,60.6344,8.0713,0.4805,0.1547,0,8,256,32,512,2,1
0.101,nvme0n1,11130.3176,19383.478,1315692.145,2365919.2463,56.7467,9.3383,0.559,0.1592,0,8,256,32,512,2,2
0.201,nvme0n1,10754.838,19221.4126,1248158.1469,2339361.3222,54.7193,7.8199,0.4551,0.1506,0,8,256,32,512,2,2
0.101,nvme0n1,12025.9556,19661.641,1427425.1798,2396589.7735,56.745,11.2893,0.6118,0.1959,0,8,256,32,512,2,3
0.201,nvme0n1,10836.2429,19177.1675,1247181.9679,2330209.7681,62.6315,7.7444,0.4394,0.1545,0,8,256,32,512,2,3
0.101,nvme0n1,10676.4076,19671.2562,1265218.9803,2407713.9981,58.7053,9.4526,0.5592,0.176,0,8,256,32,512,2,4
0.201,nvme0n1,10731.0119,18965.7459,1247701.4227,2305606.1521,47.7376,7.5883,0.4458,0.1458,0,8,256,32,512,2,4
0.101,nvme0n1,10327.1932,19459.3399,1224290.2435,2379616.3475,50.7895,9.1321,0.5689,0.1668,0,8,256,32,512,2,5
0.201,nvme0n1,10724.3757,17588.772,1248006.9375,2142009.9939,61.6801,9.2819,0.6206,0.1476,0,8,256,32,512,2,5
0.103,nvme0n1,50071.0474,6686.6285,5939156.8335,814352.6828,81.6162,216.1748,4.1581,1.1926,0,8,256,32,512,32,1
0.205,nvme0n1,48606.6773,6654.0189,5844002.3765,816905.7708,82.3178,167.6832,3.348,0.7437,0,8,256,32,512,32,1
0.308,nvme0n1,47464.7813,6534.866,5717848.2658,803672.5174,85.0693,151.0269,2.9957,1.3506,0,8,256,32,512,32,1
0.409,nvme0n1,11619.8721,20557.474,1293987.5753,2372354.2694,63.3451,49.0826,3.5434,0.3799,0,8,256,32,512,32,1
0.51,nvme0n1,1471.8985,3580.2936,79477.5453,366582.2835,12.9288,0.726,0.1554,0.1333,0,8,256,32,512,32,1
0.105,nvme0n1,48088.8605,6424.6334,5704508.7099,794123.0445,79.5887,155.409,3.0114,1.6493,0,8,256,32,512,32,2
0.207,nvme0n1,49868.2023,6579.6959,5926813.2574,815489.4682,83.4738,161.6739,3.0829,1.206,0,8,256,32,512,32,2
0.311,nvme0n1,47627.1837,6537.4414,5730312.5816,802336.3431,75.9497,177.8569,3.6023,0.9603,0,8,256,32,512,32,2
0.413,nvme0n1,11186.2685,19987.4471,1256641.7484,2277819.9368,59.1345,37.0379,2.2705,0.5735,0,8,256,32,512,32,2
0.103,nvme0n1,49902.4545,6628.13,5917623.9503,820120.6225,81.5015,227.6345,4.4158,1.0978,0,8,256,32,512,32,3
0.207,nvme0n1,48980.0252,6233.2959,5842987.5156,766184.7841,78.0366,238.7824,4.7476,1.0015,0,8,256,32,512,32,3
0.311,nvme0n1,47931.4259,7198.3519,5784538.0092,885147.7422,82.5411,135.185,2.7357,0.564,0,8,256,32,512,32,3
0.413,nvme0n1,9532.801,20685.4909,1037062.7153,2385497.5369,53.0145,32.2014,1.6128,0.8068,0,8,256,32,512,32,3
0.515,nvme0n1,29.1876,904.8166,116.7505,97253.1861,2.9188,0.1168,0.3333,0.1183,0,8,256,32,512,32,3
0.103,nvme0n1,49973.0822,6510.9913,5891419.0862,803329.0454,66.5786,235.3454,4.577,1.018,0,8,256,32,512,32,4
0.207,nvme0n1,49595.6418,6455.6706,5895923.766,802112.2878,77.583,183.1054,3.5666,0.9629,0,8,256,32,512,32,4
0.31,nvme0n1,48393.9143,6611.618,5777331.6001,816241.4123,78.244,185.0568,3.6924,0.9615,0,8,256,32,512,32,4
0.411,nvme0n1,8321.6488,22850.1067,922207.879,2656868.3678,63.937,34.6145,2.091,0.7469,0,8,256,32,512,32,4
0.512,nvme0n1,676.6663,646.8134,9144.9457,31047.0409,5.9706,0.1493,0.1029,0.1077,0,8,256,32,512,32,4
0.103,nvme0n1,49626.9188,6416.1711,5908191.4598,793558.3452,73.8056,231.366,4.5308,1.0153,0,8,256,32,512,32,5
0.205,nvme0n1,49625.7409,6567.6797,5903234.6745,805792.4461,76.5738,206.1014,4.0101,1.0807,0,8,256,32,512,32,5
0.307,nvme0n1,49179.3087,6565.0801,5930927.6169,806466.1923,83.2883,205.2322,4.0616,0.8358,0,8,256,32,512,32,5
0.408,nvme0n1,7683.3477,19796.7338,846340.0363,2251210.9999,44.4982,28.0536,2.7967,0.3277,0,8,256,32,512,32,5
0.51,nvme0n1,1429.9846,2272.3043,136308.874,255046.5674,14.6916,1.2145,0.4247,0.2629,0,8,256,32,512,32,5
0.101,nvme0n1,21430.741,22973.595,2551741.3039,2866403.9063,89.5851,29.6228,1.0088,0.3484,0,8,256,32,512,4,1
0.101,nvme0n1,21344.4005,25722.7391,2537331.7794,3188823.5823,83.5865,25.673,0.9096,0.2426,0,8,256,32,512,4,2
0.101,nvme0n1,20816.0171,23332.239,2478866.3969,2921204.2741,66.6351,23.382,0.8242,0.2664,0,8,256,32,512,4,3
0.101,nvme0n1,21731.0951,22805.7096,2586134.638,2829858.2221,80.5961,28.6265,0.9615,0.339,0,8,256,32,512,4,4
0.101,nvme0n1,22003.5583,23670.1939,2618760.7338,2961928.9434,80.3556,28.303,0.9784,0.2854,0,8,256,32,512,4,5
0.101,nvme0n1,33188.6501,16688.3579,3964356.0431,2074345.0705,72.2568,43.7203,1.0737,0.4846,0,8,256,32,512,8,1
0.202,nvme0n1,8556.4947,25976.8438,982420.4386,3080100.1532,53.5401,12.3836,0.7961,0.2122,0,8,256,32,512,8,1
0.101,nvme0n1,35064.148,17388.002,4169627.9676,2158894.3242,76.5072,54.8269,1.3007,0.5303,0,8,256,32,512,8,2
0.202,nvme0n1,7463.8325,26019.0594,814864.6628,3039002.2818,53.668,16.0706,1.3342,0.2315,0,8,256,32,512,8,2
0.102,nvme0n1,32243.7165,15845.4271,3841943.4735,1964082.652,76.0186,43.9723,1.1436,0.4486,0,8,256,32,512,8,3
0.204,nvme0n1,8861.6413,15917.7719,1046688.6599,1899670.4299,46.8457,8.8031,0.5804,0.2275,0,8,256,32,512,8,3
0.101,nvme0n1,34430.523,17136.0653,4107997.958,2131009.803,85.1359,39.5882,0.9603,0.3813,0,8,256,32,512,8,4
0.202,nvme0n1,7759.7697,19562.9444,909077.341,2291262.7887,45.5874,9.7517,0.742,0.2016,0,8,256,32,512,8,4
0.101,nvme0n1,36471.7054,18146.6556,4349226.0937,2250779.942,82.2596,59.098,1.381,0.4812,0,8,256,32,512,8,5
0.202,nvme0n1,3575.3113,20788.306,399048.3215,2467697.7059,48.5292,6.6554,0.6316,0.2091,0,8,256,32,512,8,5
0.101,nvme0n1,8292.7996,9039.4502,978834.0776,1118781.2926,43.8035,4.5396,0.3565,0.174,0,8,256,32,64,1,1
0.201,nvme0n1,39.785,2665.596,159.1401,313108.0704,5.9678,0.3083,0.25,0.1082,0,8,256,32,64,1,1
0.302,nvme0n1,39.7756,2664.9658,159.1024,312954.4954,7.9551,0.2983,0.25,0.1082,0,8,256,32,64,1,1
0.402,nvme0n1,4416.1536,6206.4861,520733.1348,747245.0114,23.8711,2.4766,0.3333,0.1603,0,8,256,32,64,1,1
0.503,nvme0n1,3631.4319,5432.2242,430563.4601,648961.7547,19.8983,2.0794,0.3397,0.1538,0,8,256,32,64,1,1
0.603,nvme0n1,218.9583,2756.8843,20850.804,323779.6442,6.9669,0.3682,0.2727,0.1119,0,8,256,32,64,1,1
0.704,nvme0n1,29.8555,2597.4271,119.4219,311452.4053,6.9663,0.2886,0.3333,0.1034,0,8,256,32,64,1,1
0.804,nvme0n1,8408.3009,8487.9061,951182.8181,1059067.7863,36.8174,4.7365,0.4012,0.1594,0,8,256,32,64,1,1
0.905,nvme0n1,39.802,2676.6875,159.2082,314475.957,6.9654,0.2985,0.25,0.1078,0,8,256,32,64,1,1
1.005,nvme0n1,39.8021,2587.1333,159.2082,303172.2184,8.9555,0.2985,0.0,0.1077,0,8,256,32,64,1,1
1.106,nvme0n1,407.8956,3342.7544,43774.1643,273548.732,14.923,0.4775,0.122,0.122,0,8,256,32,64,1,1
0.101,nvme0n1,8593.6021,9409.1986,1001089.995,1138135.0722,46.7476,4.2172,0.3056,0.1691,0,8,256,32,64,1,2
0.201,nvme0n1,39.7977,2586.8481,159.1907,302979.6092,5.9696,0.2885,0.25,0.1038,0,8,256,32,64,1,2
0.302,nvme0n1,29.8371,2595.8261,119.3483,311141.0826,6.962,0.2785,0.0,0.1034,0,8,256,32,64,1,2
0.402,nvme0n1,3442.9383,5433.0761,413769.5443,648824.7167,15.9211,1.9304,0.3179,0.1538,0,8,256,32,64,1,2
0.503,nvme0n1,4431.7066,6190.4781,537100.9808,738684.0123,22.8541,2.2556,0.2825,0.1605,0,8,256,32,64,1,2
0.604,nvme0n1,208.9713,2766.3815,20807.5677,331806.5693,7.9608,0.398,0.3333,0.1151,0,8,256,32,64,1,2
0.704,nvme0n1,39.7856,2586.0632,159.1424,303166.1829,6.9625,0.2984,0.25,0.1077,0,8,256,32,64,1,2
0.805,nvme0n1,8239.7777,8568.1746,951256.4606,1069379.8437,35.8251,4.3786,0.3647,0.1591,0,8,256,32,64,1,2
0.905,nvme0n1,39.8047,2597.2569,159.2188,304306.9635,5.9707,0.2985,0.25,0.1073,0,8,256,32,64,1,2
1.006,nvme0n1,39.8371,2669.0847,159.3483,313637.3737,8.9633,0.3087,0.25,0.1082,0,8,256,32,64,1,2
1.106,nvme0n1,358.4777,2479.471,38282.4348,287339.8201,11.9493,0.3186,0.1111,0.1084,0,8,256,32,64,1,2
0.101,nvme0n1,8489.7148,9196.3616,997133.4224,1113635.5986,39.8111,4.3892,0.3306,0.1732,0,8,256,32,64,1,3
0.201,nvme0n1,29.839,2675.5633,119.356,321385.8757,4.9732,0.2884,0.0,0.1041,0,8,256,32,64,1,3
0.302,nvme0n1,39.7805,2665.2936,159.122,312992.983,7.9561,0.2984,0.25,0.1045,0,8,256,32,64,1,3
0.402,nvme0n1,3780.3559,5760.0687,450901.9556,688183.9553,19.8966,1.9797,0.2842,0.1554,0,8,256,32,64,1,3
0.503,nvme0n1,4179.1522,6029.9196,500607.7084,720525.6434,21.8908,2.199,0.2976,0.1584,0,8,256,32,64,1,3
0.603,nvme0n1,209.0167,2836.6555,20851.906,333988.8098,8.9579,0.3782,0.2381,0.1088,0,8,256,32,64,1,3
0.704,nvme0n1,39.7942,2735.8533,159.1769,323407.7008,8.9537,0.2985,0.25,0.1018,0,8,256,32,64,1,3
0.804,nvme0n1,8248.7541,8666.6644,951144.0325,1080517.1334,39.801,3.9005,0.3076,0.1573,0,8,256,32,64,1,3
0.905,nvme0n1,39.8141,2667.5452,159.2564,313416.6483,7.9628,0.2887,0.0,0.1007,0,8,256,32,64,1,3
1.005,nvme0n1,29.8638,2677.7834,119.455,321772.0053,8.9591,0.2887,0.3333,0.1041,0,8,256,32,64,1,3
0.101,nvme0n1,8536.8267,9213.405,994008.0033,1128930.659,43.7786,4.3779,0.3275,0.1706,0,8,256,32,64,1,4
0.201,nvme0n1,39.7877,2745.3484,159.1506,313089.078,3.9788,0.3183,0.25,0.1087,0,8,256,32,64,1,4
0.302,nvme0n1,39.7559,2902.1838,159.0238,322977.278,5.9634,0.3379,0.25,0.113,0,8,256,32,64,1,4
0.403,nvme0n1,4584.6047,6374.6889,546423.2197,767508.5705,23.8678,2.4763,0.3145,0.1622,0,8,256,32,64,1,4
0.503,nvme0n1,3412.2671,5342.2374,404756.553,638840.0632,22.8811,1.9499,0.3294,0.1508,0,8,256,32,64,1,4
0.604,nvme0n1,218.9184,2855.8901,20847.0027,323680.8129,10.9459,0.408,0.2727,0.1185,0,8,256,32,64,1,4
0.704,nvme0n1,39.8029,3025.0221,159.2117,320970.7646,8.9557,0.3682,0.25,0.1151,0,8,256,32,64,1,4
0.805,nvme0n1,8326.9277,8685.0751,950980.9086,1062583.6268,34.8199,4.437,0.3656,0.1592,0,8,256,32,64,1,4
0.905,nvme0n1,29.8777,2898.1345,119.5107,311683.91,13.9429,0.4083,0.6667,0.1237,0,8,256,32,64,1,4
1.005,nvme0n1,39.8051,2965.4821,159.2205,313385.7792,5.9708,0.3682,0.25,0.1174,0,8,256,32,64,1,4
0.101,nvme0n1,8630.3097,8889.1195,998164.5013,1090106.6649,43.7986,5.1861,0.4221,0.1736,0,8,256,32,64,1,5
0.201,nvme0n1,39.7932,2586.5555,159.1726,304497.2719,5.969,0.3084,0.25,0.1115,0,8,256,32,64,1,5
0.302,nvme0n1,39.7742,2664.8701,159.0967,312943.2522,12.9266,0.3182,0.0,0.1119,0,8,256,32,64,1,5
0.402,nvme0n1,1741.4479,3960.5501,206953.6712,474350.5121,13.9316,1.1444,0.3429,0.1382,0,8,256,32,64,1,5
0.503,nvme0n1,6207.8906,7590.738,744489.2411,912122.1848,32.8302,3.3825,0.3365,0.1704,0,8,256,32,64,1,5
0.603,nvme0n1,208.9226,2765.7373,20842.5168,324725.417,10.9436,0.388,0.2381,0.1115,0,8,256,32,64,1,5
0.704,nvme0n1,39.8041,2656.9259,159.2165,312263.4204,8.9559,0.3085,0.25,0.1124,0,8,256,32,64,1,5
0.804,nvme0n1,7233.8016,7860.6648,827096.1612,980692.5556,38.8058,3.9701,0.3796,0.1557,0,8,256,32,64,1,5
0.905,nvme0n1,1094.634,3313.7557,124176.278,401153.5134,8.9561,0.7563,0.3,0.1261,0,8,256,32,64,1,5
1.005,nvme0n1,39.8079,2667.1308,159.2317,313407.773,7.9616,0.3085,0.25,0.1082,0,8,256,32,64,1,5
1.106,nvme0n1,59.7298,2588.2918,965.6319,303268.1604,10.9505,0.3086,0.1667,0.1115,0,8,256,32,64,1,5
0.103,nvme0n1,45868.6652,9565.7729,5460615.5861,1159810.7616,80.3682,100.7738,2.0675,0.6199,0,8,256,32,64,16,1
0.205,nvme0n1,39643.8638,9496.886,4788880.744,1172948.7326,83.306,39.5753,0.9377,0.2539,0,8,256,32,64,16,1
0.308,nvme0n1,20503.4519,4665.1657,2468367.3152,576036.4306,51.4041,12.0945,0.5492,0.1767,0,8,256,32,64,16,1
0.41,nvme0n1,5256.7631,18757.3098,576436.0082,2235431.1414,54.0415,5.1782,0.3252,0.1833,0,8,256,32,64,16,1
0.102,nvme0n1,43829.126,9873.108,5247104.571,1221590.611,79.6536,70.6852,1.5037,0.4861,0,8,256,32,64,16,2
0.204,nvme0n1,43446.6423,10038.9935,5241867.3494,1240984.6253,71.7071,48.8983,1.0635,0.2681,0,8,256,32,64,16,2
0.305,nvme0n1,20984.6236,6876.3173,2480038.6979,847921.0635,45.4469,14.6715,0.6384,0.1839,0,8,256,32,64,16,2
0.406,nvme0n1,3927.2878,19626.5464,403224.6257,2215385.9936,50.4513,5.8266,0.3955,0.2142,0,8,256,32,64,16,2
0.102,nvme0n1,46710.9539,9375.7107,5547936.2981,1156554.5421,75.9127,108.703,2.2016,0.6267,0,8,256,32,64,16,3
0.204,nvme0n1,43047.7288,9091.6803,5163543.0939,1129729.836,81.6677,81.5103,1.8066,0.4102,0,8,256,32,64,16,3
0.306,nvme0n1,19266.6589,5570.727,2323911.7767,688530.0638,56.9845,14.0693,0.6731,0.1975,0,8,256,32,64,16,3
0.407,nvme0n1,1028.1662,21364.1077,75308.2324,2474084.2796,51.4083,3.5393,0.3654,0.1458,0,8,256,32,64,16,3
0.102,nvme0n1,42025.0069,9119.6523,5010051.2999,1125221.7688,76.5697,83.5297,1.8561,0.606,0,8,256,32,64,16,4
0.205,nvme0n1,40008.0401,9071.9858,4809507.4333,1117699.7298,67.9913,49.4783,1.1396,0.4272,0,8,256,32,64,16,4
0.308,nvme0n1,22088.1567,5275.3669,2662228.5721,648362.1334,52.7537,13.4033,0.5555,0.2167,0,8,256,32,64,16,4
0.41,nvme0n1,6629.5015,18580.1787,727404.7208,2209977.0307,52.7236,4.7939,0.3314,0.1372,0,8,256,32,64,16,4
0.102,nvme0n1,44593.7888,9508.7528,5297137.363,1156075.5369,75.716,93.1504,1.9722,0.5471,0,8,256,32,64,16,5
0.204,nvme0n1,45105.5747,9938.35,5412516.7508,1223084.8466,80.5281,66.2786,1.3947,0.3399,0,8,256,32,64,16,5
0.306,nvme0n1,20991.9154,6048.351,2512129.4065,745818.8163,58.1193,14.8254,0.6462,0.2068,0,8,256,32,64,16,5
0.407,nvme0n1,1631.9916,21443.3804,139940.8064,2455306.6244,55.3888,4.1739,0.297,0.1684,0,8,256,32,64,16,5
0.101,nvme0n1,15197.3069,16421.4514,1823223.9909,2027342.6323,54.7382,11.7538,0.5514,0.2061,0,8,256,32,64,2,1
0.201,nvme0n1,59.6472,4881.1257,238.5886,581281.4297,11.9294,0.5666,0.1667,0.11,0,8,256,32,64,2,1
0.302,nvme0n1,79.5333,4841.5924,318.1334,564249.3235,14.9125,0.5667,0.125,0.1109,0,8,256,32,64,2,1
0.403,nvme0n1,815.1443,5427.6682,85863.5247,649530.8487,13.9171,0.845,0.2683,0.1136,0,8,256,32,64,2,1
0.503,nvme0n1,11532.482,9303.5985,1353653.6793,1130083.73,48.7568,6.01,0.4323,0.108,0,8,256,32,64,2,1
0.604,nvme0n1,79.6042,4776.2529,318.4169,557587.7296,13.9307,0.5672,0.25,0.1146,0,8,256,32,64,2,1
0.101,nvme0n1,15713.1866,17066.5706,1890553.088,2108492.6967,50.7519,10.429,0.468,0.1802,0,8,256,32,64,2,2
0.201,nvme0n1,59.6461,5030.1551,238.5844,601153.2436,10.9351,0.5865,0.1667,0.1107,0,8,256,32,64,2,2
0.302,nvme0n1,79.4956,5008.2237,317.9825,583815.7939,14.9054,0.6161,0.25,0.1171,0,8,256,32,64,2,2
0.403,nvme0n1,3502.5027,6547.2919,400220.6298,784560.5942,19.9006,1.9503,0.3523,0.1079,0,8,256,32,64,2,2
0.503,nvme0n1,8839.0818,8351.8883,1038616.9639,1009385.3549,36.7881,4.6731,0.4274,0.106,0,8,256,32,64,2,2
0.604,nvme0n1,248.6262,4534.9423,20993.9983,523865.3975,11.9341,0.6365,0.24,0.1206,0,8,256,32,64,2,2
0.101,nvme0n1,16168.7586,17412.5093,1933002.4552,2150713.5462,51.74,11.3331,0.4763,0.2074,0,8,256,32,64,2,3
0.201,nvme0n1,59.6451,5030.073,238.5805,601461.5384,9.9409,0.5766,0.1667,0.1107,0,8,256,32,64,2,3
0.302,nvme0n1,79.4998,5008.4859,317.9991,584323.3498,17.8874,0.6261,0.25,0.119,0,8,256,32,64,2,3
0.403,nvme0n1,4135.3872,6958.5842,470146.8038,835387.9796,25.8462,2.187,0.3438,0.1071,0,8,256,32,64,2,3
0.503,nvme0n1,8261.6365,8092.6259,968207.1348,978710.6474,32.8079,3.9469,0.3718,0.1069,0,8,256,32,64,2,3
0.604,nvme0n1,248.8526,4439.5295,21013.1094,514308.5439,13.9357,0.5773,0.24,0.1121,0,8,256,32,64,2,3
0.101,nvme0n1,15992.9064,17347.2247,1937148.2563,2142013.8023,56.7619,10.9341,0.4757,0.1912,0,8,256,32,64,2,4
0.201,nvme0n1,59.6673,4872.8265,238.6691,581596.7085,10.939,0.5668,0.1667,0.1122,0,8,256,32,64,2,4
0.302,nvme0n1,79.5896,4934.5553,318.3584,575790.9684,13.9282,0.5671,0.25,0.1089,0,8,256,32,64,2,4
0.402,nvme0n1,1761.3154,5622.2781,200217.7802,672683.1809,16.9166,1.3533,0.4011,0.1115,0,8,256,32,64,2,4
0.503,nvme0n1,10575.7283,9123.1824,1239215.6921,1110381.8314,48.7498,5.2132,0.3998,0.1058,0,8,256,32,64,2,4
0.603,nvme0n1,89.6045,4828.6852,358.4179,557260.1367,11.9473,0.5575,0.2222,0.1093,0,8,256,32,64,2,4
0.101,nvme0n1,16036.8875,17240.649,1940339.0377,2129642.955,51.7319,11.5203,0.5161,0.1875,0,8,256,32,64,2,5
0.201,nvme0n1,59.6435,5029.9347,238.574,601126.8962,8.9465,0.5766,0.3333,0.1067,0,8,256,32,64,2,5
0.302,nvme0n1,79.4924,5008.0181,317.9694,584109.7931,14.9048,0.5763,0.125,0.1111,0,8,256,32,64,2,5
0.403,nvme0n1,2844.9603,6455.8714,327245.0355,772317.1838,18.9001,1.6115,0.3217,0.1063,0,8,256,32,64,2,5
0.503,nvme0n1,9473.1733,8289.0266,1112346.5708,1002086.5958,34.8278,5.5127,0.4874,0.1068,0,8,256,32,64,2,5
0.604,nvme0n1,258.7084,4676.6527,21005.1356,544521.5741,12.9354,0.597,0.2692,0.1085,0,8,256,32,64,2,5
0.103,nvme0n1,50633.0885,5350.4289,6008953.0707,638445.3229,73.4949,219.3578,4.2146,1.1154,0,8,256,32,64,32,1
0.206,nvme0n1,51703.8285,5668.3003,6169974.0212,674605.3866,81.5303,249.1043,4.7464,0.6524,0,8,256,32,64,32,1
0.308,nvme0n1,51219.7099,5670.3682,6174422.7232,673066.8184,92.2171,215.3268,4.1638,0.3633,0,8,256,32,64,32,1
0.413,nvme0n1,41327.1519,5465.4519,5026946.4776,650474.0261,85.2497,92.799,2.1785,0.5061,0,8,256,32,64,32,1
0.517,nvme0n1,11592.6367,5709.3736,1401008.7893,723380.5311,37.6761,10.6749,0.8242,0.1963,0,8,256,32,64,32,1
0.618,nvme0n1,3955.2025,14822.1215,401705.2025,1588448.8942,39.552,4.2617,0.4275,0.1681,0,8,256,32,64,32,1
0.719,nvme0n1,4502.7032,4770.4851,492812.927,532231.4154,23.8028,2.0728,0.315,0.1372,0,8,256,32,64,32,1
0.103,nvme0n1,50139.0542,5697.8415,5962274.0644,693731.7196,74.15,224.2647,4.3874,0.7534,0,8,256,32,64,32,2
0.205,nvme0n1,48964.2127,5254.5528,5845357.2978,638139.5071,82.1941,208.9101,4.1904,0.7076,0,8,256,32,64,32,2
0.307,nvme0n1,51674.7111,5454.3896,6180171.0825,659932.183,81.2773,212.4078,4.0233,0.8276,0,8,256,32,64,32,2
0.41,nvme0n1,50382.9194,6016.7428,6087128.0247,711572.3316,90.5432,188.9432,3.7078,0.3544,0,8,256,32,64,32,2
0.515,nvme0n1,11449.0008,8003.8318,1375245.7871,1015354.1093,39.9716,35.3177,2.9568,0.1819,0,8,256,32,64,32,2
0.616,nvme0n1,2826.0474,12434.6085,274205.9238,1289431.2194,28.7563,3.0541,0.4105,0.1475,0,8,256,32,64,32,2
0.717,nvme0n1,4046.4684,5732.4969,394565.3827,610143.9627,32.7288,2.0927,0.3088,0.1401,0,8,256,32,64,32,2
0.103,nvme0n1,51342.2846,5694.8964,6113167.4327,689425.5311,82.3359,189.9116,3.5766,1.105,0,8,256,32,64,32,3
0.205,nvme0n1,50903.4521,5708.1578,6080519.666,679260.9908,84.2027,193.8228,3.7107,0.8628,0,8,256,32,64,32,3
0.308,nvme0n1,49523.7516,5973.3023,5969837.4195,715859.2904,81.0105,159.3271,3.1348,0.6814,0,8,256,32,64,32,3
0.411,nvme0n1,49519.4742,5485.981,5988394.8685,659948.9454,77.6776,127.6729,2.4849,0.8442,0,8,256,32,64,32,3
0.513,nvme0n1,5597.5962,9815.3654,662380.5911,1248851.1227,33.2724,3.8361,0.4196,0.1525,0,8,256,32,64,32,3
0.614,nvme0n1,5012.0016,9412.3022,516265.7605,918340.7607,27.6252,3.7294,0.3287,0.2096,0,8,256,32,64,32,3
0.715,nvme0n1,6871.4468,6375.6714,705171.0751,683733.7475,33.7127,2.7466,0.2756,0.1291,0,8,256,32,64,32,3
0.104,nvme0n1,48537.4025,5686.7576,5764704.192,667350.2676,76.0835,178.0745,3.5637,0.8971,0,8,256,32,64,32,4
0.206,nvme0n1,51473.1303,5840.2961,6158606.9125,691019.9029,80.4881,167.4742,3.1766,0.679,0,8,256,32,64,32,4
0.308,nvme0n1,49608.4462,5521.8401,5921062.261,644136.3517,77.3449,192.7259,3.7894,0.8564,0,8,256,32,64,32,4
0.41,nvme0n1,50699.375,6102.2513,6109518.39,699360.8847,80.9084,186.8108,3.6045,0.6693,0,8,256,32,64,32,4
0.512,nvme0n1,6436.1225,9855.6197,764341.1377,1240255.5508,23.5827,12.7249,1.7389,0.1535,0,8,256,32,64,32,4
0.613,nvme0n1,7092.2833,9301.8403,751791.894,922016.5573,34.5243,4.7841,0.3394,0.2481,0,8,256,32,64,32,4
0.104,nvme0n1,50946.2477,5315.8748,6062216.7834,641585.9516,76.3606,179.4083,3.3618,1.5285,0,8,256,32,64,32,5
0.206,nvme0n1,50209.2265,5588.5221,5996941.0277,674899.0878,86.5006,168.4818,3.2425,1.0174,0,8,256,32,64,32,5
0.31,nvme0n1,47422.9349,5331.4583,5716926.5522,640393.1309,78.2334,164.2997,3.3318,1.1793,0,8,256,32,64,32,5
0.415,nvme0n1,45878.1213,5561.5596,5582733.3809,662679.7561,77.8239,89.3361,1.8796,0.558,0,8,256,32,64,32,5
0.517,nvme0n1,5318.3739,14495.752,592910.5371,1745484.4288,35.2599,4.7993,0.3738,0.1919,0,8,256,32,64,32,5
0.62,nvme0n1,3839.4134,2867.41,414569.1684,222394.377,26.2441,1.4677,0.2911,0.1119,0,8,256,32,64,32,5
0.721,nvme0n1,6248.6373,8192.6578,634663.1829,877388.0283,39.6739,3.1045,0.3159,0.1332,0,8,256,32,64,32,5
0.101,nvme0n1,28832.8821,21701.5294,3471317.3375,2706700.4474,72.4046,28.327,0.8318,0.2006,0,8,256,32,64,4,1
0.202,nvme0n1,118.8595,9469.137,475.4378,1129759.1699,23.7719,1.0697,0.1667,0.1067,0,8,256,32,64,4,1
0.303,nvme0n1,129.0118,9298.7745,516.0472,1101443.3077,28.7796,1.171,0.3846,0.1163,0,8,256,32,64,4,1
0.101,nvme0n1,29698.4148,21930.678,3580324.9176,2733925.0691,72.605,25.4416,0.6956,0.2181,0,8,256,32,64,4,2
0.202,nvme0n1,119.2068,9476.9445,476.8274,1133180.3055,19.8678,1.0828,0.25,0.109,0,8,256,32,64,4,2
0.303,nvme0n1,118.9051,9423.2319,475.6205,1127617.0265,21.7993,1.298,0.5,0.1283,0,8,256,32,64,4,2
0.102,nvme0n1,29217.9387,21718.3055,3524333.5778,2707219.3871,83.988,27.4591,0.7727,0.2247,0,8,256,32,64,4,3
0.203,nvme0n1,118.7217,9359.2305,474.887,1124690.6136,21.7657,1.118,0.25,0.1152,0,8,256,32,64,4,3
0.304,nvme0n1,118.7801,9245.0545,475.1206,1108218.7376,19.7967,1.2967,0.25,0.1317,0,8,256,32,64,4,3
0.101,nvme0n1,29799.0648,22161.0732,3582341.934,2763070.7362,77.2715,28.1248,0.7846,0.2141,0,8,256,32,64,4,4
0.202,nvme0n1,119.0677,8949.9239,476.2709,1078991.7107,15.8757,1.1411,0.25,0.1231,0,8,256,32,64,4,4
0.303,nvme0n1,119.2758,9383.0293,477.1032,1120675.6274,23.8552,1.3617,0.3333,0.1356,0,8,256,32,64,4,4
0.101,nvme0n1,29744.3503,21949.8971,3583462.5474,2736320.9536,84.6141,29.2864,0.826,0.215,0,8,256,32,64,4,5
0.202,nvme0n1,118.9616,9407.8809,475.8465,1110942.8465,23.7923,1.1004,0.25,0.1117,0,8,256,32,64,4,5
0.303,nvme0n1,118.8322,9585.7965,475.3288,1147245.559,19.8054,1.1289,0.6667,0.1064,0,8,256,32,64,4,5
0.102,nvme0n1,32947.1571,13139.346,3945992.5854,1618609.3605,78.0457,39.5761,1.0357,0.4165,0,8,256,32,64,8,1
0.206,nvme0n1,23760.8017,9705.9275,2859974.8978,1199349.267,69.1223,16.743,0.598,0.2601,0,8,256,32,64,8,1
0.307,nvme0n1,405.0057,13987.5144,25515.3599,1666805.9491,37.5371,2.3016,0.4878,0.149,0,8,256,32,64,8,1
0.101,nvme0n1,37410.6225,14994.0187,4482586.4319,1855725.6467,81.3706,42.7493,1.0398,0.2568,0,8,256,32,64,8,2
0.203,nvme0n1,19429.8623,12281.8845,2343045.9081,1525678.5968,52.3264,27.4861,1.2403,0.2757,0,8,256,32,64,8,2
0.304,nvme0n1,266.9076,16854.7184,1067.6303,1973613.3799,36.5762,2.3132,0.2222,0.1308,0,8,256,32,64,8,2
0.102,nvme0n1,37907.6876,14970.2908,4530544.0751,1846952.2455,74.7531,46.6027,1.1354,0.2378,0,8,256,32,64,8,3
0.206,nvme0n1,17227.6418,6927.4667,2085349.5128,857281.1847,53.6567,10.396,0.4766,0.3154,0,8,256,32,64,8,3
0.308,nvme0n1,235.6254,11211.8413,10662.0487,1344988.975,20.6172,1.5414,0.5,0.1252,0,8,256,32,64,8,3
0.409,nvme0n1,655.5943,13012.5532,43845.3509,1480848.4173,33.773,2.3144,0.1818,0.1649,0,8,256,32,64,8,3
0.102,nvme0n1,38609.8,15259.9696,4607571.2888,1894411.988,82.0854,52.4654,1.2295,0.3273,0,8,256,32,64,8,4
0.204,nvme0n1,18548.0384,9308.2768,2243461.1019,1166402.4493,46.9818,23.5986,1.1615,0.2198,0,8,256,32,64,8,4
0.305,nvme0n1,227.0123,16571.8953,908.0491,1949976.1302,36.5194,2.7636,0.2609,0.1614,0,8,256,32,64,8,4
0.102,nvme0n1,36823.483,14449.0965,4405533.475,1800215.3034,70.0742,44.2553,1.0943,0.2746,0,8,256,32,64,8,5
0.206,nvme0n1,19074.8069,7774.0649,2303165.2177,959409.9352,55.735,14.7217,0.6569,0.2818,0,8,256,32,64,8,5
0.308,nvme0n1,157.247,13277.5394,628.9878,1571997.7619,26.5354,1.7494,0.1875,0.1273,0,8,256,32,64,8,5
