secs_elapsed,cpu_pct,sst_size_mb,input_data_mb,requested_input_sst_count,value_size,requested_subcompactions,repeat_index
0.101,49.7319,8,256,32,1024,1,1
0.202,59.5947,8,256,32,1024,1,1
0.302,59.6693,8,256,32,1024,1,1
0.101,59.7008,8,256,32,1024,1,2
0.201,49.7172,8,256,32,1024,1,2
0.302,49.7036,8,256,32,1024,1,2
0.101,49.7625,8,256,32,1024,1,3
0.201,59.6416,8,256,32,1024,1,3
0.302,49.679,8,256,32,1024,1,3
0.101,49.7666,8,256,32,1024,1,4
0.201,59.641,8,256,32,1024,1,4
0.302,49.7145,8,256,32,1024,1,4
0.101,49.7774,8,256,32,1024,1,5
0.201,49.7481,8,256,32,1024,1,5
0.302,59.6717,8,256,32,1024,1,5
0.102,206.4928,8,256,32,1024,16,1
0.207,535.1809,8,256,32,1024,16,1
0.309,49.1038,8,256,32,1024,16,1
0.102,255.8304,8,256,32,1024,16,2
0.207,382.5319,8,256,32,1024,16,2
0.308,0.0,8,256,32,1024,16,2
0.102,276.5564,8,256,32,1024,16,3
0.204,574.9353,8,256,32,1024,16,3
0.102,276.8454,8,256,32,1024,16,4
0.205,651.5908,8,256,32,1024,16,4
0.102,177.346,8,256,32,1024,16,5
0.206,575.3811,8,256,32,1024,16,5
0.101,109.5365,8,256,32,1024,2,1
0.201,49.7313,8,256,32,1024,2,1
0.101,99.4879,8,256,32,1024,2,2
0.201,59.6912,8,256,32,1024,2,2
0.101,89.5885,8,256,32,1024,2,3
0.201,69.638,8,256,32,1024,2,3
0.101,109.5145,8,256,32,1024,2,4
0.201,59.6999,8,256,32,1024,2,4
0.101,99.5319,8,256,32,1024,2,5
0.201,59.638,8,256,32,1024,2,5
0.103,265.4285,8,256,32,1024,32,1
0.206,291.6584,8,256,32,1024,32,1
0.31,345.419,8,256,32,1024,32,1
0.413,87.834,8,256,32,1024,32,1
0.102,275.7448,8,256,32,1024,32,2
0.205,274.1224,8,256,32,1024,32,2
0.314,402.9938,8,256,32,1024,32,2
0.425,153.1378,8,256,32,1024,32,2
0.104,263.7473,8,256,32,1024,32,3
0.207,281.6641,8,256,32,1024,32,3
0.319,461.1675,8,256,32,1024,32,3
0.423,135.7048,8,256,32,1024,32,3
0.102,217.0157,8,256,32,1024,32,4
0.204,304.7026,8,256,32,1024,32,4
0.31,425.3385,8,256,32,1024,32,4
0.414,241.1469,8,256,32,1024,32,4
0.105,270.6991,8,256,32,1024,32,5
0.208,398.8029,8,256,32,1024,32,5
0.316,677.1649,8,256,32,1024,32,5
0.417,98.6777,8,256,32,1024,32,5
0.101,158.8365,8,256,32,1024,4,1
0.101,159.2493,8,256,32,1024,4,2
0.101,119.4458,8,256,32,1024,4,3
0.201,59.6878,8,256,32,1024,4,3
0.101,159.1354,8,256,32,1024,4,4
0.101,139.3532,8,256,32,1024,4,5
0.102,197.1773,8,256,32,1024,8,1
0.203,434.8592,8,256,32,1024,8,1
0.102,206.8437,8,256,32,1024,8,2
0.203,59.3267,8,256,32,1024,8,2
0.101,148.9115,8,256,32,1024,8,3
0.102,178.0891,8,256,32,1024,8,4
0.203,345.4524,8,256,32,1024,8,4
0.102,206.4666,8,256,32,1024,8,5
0.203,474.0662,8,256,32,1024,8,5
0.101,69.6288,8,256,32,128,1,1
0.201,79.5575,8,256,32,128,1,1
0.302,69.6355,8,256,32,128,1,1
0.402,99.5586,8,256,32,128,1,1
0.503,49.7822,8,256,32,128,1,1
0.603,99.5769,8,256,32,128,1,1
0.704,79.614,8,256,32,128,1,1
0.101,59.7072,8,256,32,128,1,2
0.201,89.5247,8,256,32,128,1,2
0.302,59.6304,8,256,32,128,1,2
0.402,99.4957,8,256,32,128,1,2
0.503,59.7297,8,256,32,128,1,2
0.603,79.6062,8,256,32,128,1,2
0.704,89.4951,8,256,32,128,1,2
0.101,59.7195,8,256,32,128,1,3
0.201,89.5077,8,256,32,128,1,3
0.302,69.5654,8,256,32,128,1,3
0.402,89.5299,8,256,32,128,1,3
0.503,59.7041,8,256,32,128,1,3
0.603,89.5518,8,256,32,128,1,3
0.704,79.6265,8,256,32,128,1,3
0.101,69.6627,8,256,32,128,1,4
0.201,89.5748,8,256,32,128,1,4
0.302,69.6541,8,256,32,128,1,4
0.402,79.6035,8,256,32,128,1,4
0.503,59.7661,8,256,32,128,1,4
0.603,99.5663,8,256,32,128,1,4
0.704,79.5737,8,256,32,128,1,4
0.101,59.7783,8,256,32,128,1,5
0.201,89.5411,8,256,32,128,1,5
0.302,69.6505,8,256,32,128,1,5
0.402,89.6443,8,256,32,128,1,5
0.503,69.5136,8,256,32,128,1,5
0.603,89.5368,8,256,32,128,1,5
0.704,89.5995,8,256,32,128,1,5
0.102,9.8589,8,256,32,128,16,1
0.205,299.5243,8,256,32,128,16,1
0.307,1137.9189,8,256,32,128,16,1
0.104,271.8052,8,256,32,128,16,2
0.206,253.7702,8,256,32,128,16,2
0.308,1132.1,8,256,32,128,16,2
0.103,253.6656,8,256,32,128,16,3
0.205,303.8499,8,256,32,128,16,3
0.307,1193.0257,8,256,32,128,16,3
0.103,19.5729,8,256,32,128,16,4
0.205,322.011,8,256,32,128,16,4
0.308,1100.3179,8,256,32,128,16,4
0.408,59.5441,8,256,32,128,16,4
0.103,225.4706,8,256,32,128,16,5
0.205,333.2445,8,256,32,128,16,5
0.307,1051.5993,8,256,32,128,16,5
0.101,109.3416,8,256,32,128,2,1
0.202,178.6304,8,256,32,128,2,1
0.303,128.9538,8,256,32,128,2,1
0.403,199.0465,8,256,32,128,2,1
0.101,119.3897,8,256,32,128,2,2
0.201,178.8993,8,256,32,128,2,2
0.302,139.1315,8,256,32,128,2,2
0.403,178.9856,8,256,32,128,2,2
0.101,119.3968,8,256,32,128,2,3
0.201,169.0239,8,256,32,128,2,3
0.302,129.1296,8,256,32,128,2,3
0.403,189.0273,8,256,32,128,2,3
0.101,119.3936,8,256,32,128,2,4
0.201,168.958,8,256,32,128,2,4
0.302,149.0323,8,256,32,128,2,4
0.403,178.896,8,256,32,128,2,4
0.101,99.5175,8,256,32,128,2,5
0.201,178.9457,8,256,32,128,2,5
0.302,139.1376,8,256,32,128,2,5
0.403,178.9851,8,256,32,128,2,5
0.104,233.7673,8,256,32,128,32,1
0.206,359.6867,8,256,32,128,32,1
0.31,446.0526,8,256,32,128,32,1
0.414,844.0052,8,256,32,128,32,1
0.526,428.0887,8,256,32,128,32,1
0.627,327.8908,8,256,32,128,32,1
0.103,304.7999,8,256,32,128,32,2
0.205,323.5059,8,256,32,128,32,2
0.308,319.5142,8,256,32,128,32,2
0.413,583.1713,8,256,32,128,32,2
0.514,561.4739,8,256,32,128,32,2
0.104,313.4735,8,256,32,128,32,3
0.207,299.0056,8,256,32,128,32,3
0.313,341.2153,8,256,32,128,32,3
0.422,844.7592,8,256,32,128,32,3
0.523,226.1725,8,256,32,128,32,3
0.624,0.0,8,256,32,128,32,3
0.103,234.519,8,256,32,128,32,4
0.206,351.5206,8,256,32,128,32,4
0.309,349.7902,8,256,32,128,32,4
0.414,701.0949,8,256,32,128,32,4
0.516,492.516,8,256,32,128,32,4
0.616,59.6562,8,256,32,128,32,4
0.103,196.5836,8,256,32,128,32,5
0.205,430.7352,8,256,32,128,32,5
0.307,314.1302,8,256,32,128,32,5
0.417,698.6536,8,256,32,128,32,5
0.521,521.1786,8,256,32,128,32,5
0.621,9.9342,8,256,32,128,32,5
0.101,29.8555,8,256,32,128,4,1
0.201,358.0065,8,256,32,128,4,1
0.101,99.3883,8,256,32,128,4,2
0.202,367.8804,8,256,32,128,4,2
0.101,109.0658,8,256,32,128,4,3
0.202,346.3699,8,256,32,128,4,3
0.101,119.4571,8,256,32,128,4,4
0.201,377.7887,8,256,32,128,4,4
0.101,129.3905,8,256,32,128,4,5
0.202,367.1787,8,256,32,128,4,5
0.101,19.8221,8,256,32,128,8,1
0.202,484.5704,8,256,32,128,8,1
0.102,187.1042,8,256,32,128,8,2
0.204,550.6937,8,256,32,128,8,2
0.101,158.8689,8,256,32,128,8,3
0.202,523.284,8,256,32,128,8,3
0.102,226.8457,8,256,32,128,8,4
0.204,527.374,8,256,32,128,8,4
0.305,79.1755,8,256,32,128,8,4
0.102,157.3172,8,256,32,128,8,5
0.203,532.8831,8,256,32,128,8,5
0.304,159.034,8,256,32,128,8,5
0.101,59.7247,8,256,32,256,1,1
0.201,59.6965,8,256,32,256,1,1
0.302,69.6362,8,256,32,256,1,1
0.402,69.6366,8,256,32,256,1,1
0.503,79.5702,8,256,32,256,1,1
0.101,59.7188,8,256,32,256,1,2
0.201,69.6085,8,256,32,256,1,2
0.302,69.5802,8,256,32,256,1,2
0.402,79.5789,8,256,32,256,1,2
0.503,59.6781,8,256,32,256,1,2
0.101,59.7314,8,256,32,256,1,3
0.201,69.5458,8,256,32,256,1,3
0.302,79.5052,8,256,32,256,1,3
0.403,69.6334,8,256,32,256,1,3
0.503,69.6185,8,256,32,256,1,3
0.101,69.6809,8,256,32,256,1,4
0.201,59.6779,8,256,32,256,1,4
0.302,69.5712,8,256,32,256,1,4
0.403,69.6107,8,256,32,256,1,4
0.503,69.6046,8,256,32,256,1,4
0.101,59.7236,8,256,32,256,1,5
0.201,69.5948,8,256,32,256,1,5
0.302,79.5414,8,256,32,256,1,5
0.402,69.6862,8,256,32,256,1,5
0.503,69.6854,8,256,32,256,1,5
0.102,167.2732,8,256,32,256,16,1
0.205,359.3522,8,256,32,256,16,1
0.307,1169.1771,8,256,32,256,16,1
0.103,273.1491,8,256,32,256,16,2
0.207,279.5401,8,256,32,256,16,2
0.308,978.0584,8,256,32,256,16,2
0.102,275.2452,8,256,32,256,16,3
0.207,380.7149,8,256,32,256,16,3
0.309,756.448,8,256,32,256,16,3
0.102,9.8724,8,256,32,256,16,4
0.206,326.3352,8,256,32,256,16,4
0.307,948.5151,8,256,32,256,16,4
0.102,197.5249,8,256,32,256,16,5
0.206,363.9077,8,256,32,256,16,5
0.308,777.205,8,256,32,256,16,5
0.101,119.4499,8,256,32,256,2,1
0.201,119.3836,8,256,32,256,2,1
0.302,79.5092,8,256,32,256,2,1
0.101,119.4005,8,256,32,256,2,2
0.201,99.4514,8,256,32,256,2,2
0.302,89.3973,8,256,32,256,2,2
0.101,119.3891,8,256,32,256,2,3
0.201,119.3997,8,256,32,256,2,3
0.302,79.5638,8,256,32,256,2,3
0.101,119.4032,8,256,32,256,2,4
0.201,109.4534,8,256,32,256,2,4
0.302,89.3956,8,256,32,256,2,4
0.101,119.3844,8,256,32,256,2,5
0.202,119.2107,8,256,32,256,2,5
0.302,69.5479,8,256,32,256,2,5
0.104,300.9669,8,256,32,256,32,1
0.206,323.5919,8,256,32,256,32,1
0.308,323.074,8,256,32,256,32,1
0.41,1060.9081,8,256,32,256,32,1
0.513,212.7855,8,256,32,256,32,1
0.616,29.2572,8,256,32,256,32,1
0.104,291.1302,8,256,32,256,32,2
0.207,320.082,8,256,32,256,32,2
0.31,370.4412,8,256,32,256,32,2
0.411,948.9729,8,256,32,256,32,2
0.514,135.6659,8,256,32,256,32,2
0.103,275.4951,8,256,32,256,32,3
0.204,324.6668,8,256,32,256,32,3
0.306,334.1948,8,256,32,256,32,3
0.408,972.7966,8,256,32,256,32,3
0.511,232.5603,8,256,32,256,32,3
0.105,288.4791,8,256,32,256,32,4
0.208,397.8345,8,256,32,256,32,4
0.311,390.1611,8,256,32,256,32,4
0.412,982.7232,8,256,32,256,32,4
0.516,348.6429,8,256,32,256,32,4
0.619,48.4786,8,256,32,256,32,4
0.104,311.9876,8,256,32,256,32,5
0.206,361.4553,8,256,32,256,32,5
0.308,354.423,8,256,32,256,32,5
0.41,968.1488,8,256,32,256,32,5
0.513,38.9507,8,256,32,256,32,5
0.101,159.2391,8,256,32,256,4,1
0.201,149.2086,8,256,32,256,4,1
0.101,129.3844,8,256,32,256,4,2
0.201,69.5821,8,256,32,256,4,2
0.101,19.8399,8,256,32,256,4,3
0.202,227.8281,8,256,32,256,4,3
0.101,129.3722,8,256,32,256,4,4
0.201,149.1869,8,256,32,256,4,4
0.101,158.9436,8,256,32,256,4,5
0.202,228.4474,8,256,32,256,4,5
0.102,157.6909,8,256,32,256,8,1
0.204,559.3752,8,256,32,256,8,1
0.103,225.3767,8,256,32,256,8,2
0.207,480.0642,8,256,32,256,8,2
0.308,69.1393,8,256,32,256,8,2
0.103,185.2389,8,256,32,256,8,3
0.204,610.9831,8,256,32,256,8,3
0.102,177.801,8,256,32,256,8,4
0.203,550.9123,8,256,32,256,8,4
0.101,168.4831,8,256,32,256,8,5
0.202,584.3199,8,256,32,256,8,5
0.101,59.7033,8,256,32,32,1,1
0.201,89.5111,8,256,32,32,1,1
0.302,89.5046,8,256,32,32,1,1
0.402,99.5435,8,256,32,32,1,1
0.503,89.5747,8,256,32,32,1,1
0.603,89.5691,8,256,32,32,1,1
0.704,69.5744,8,256,32,32,1,1
0.805,99.4189,8,256,32,32,1,1
0.905,89.458,8,256,32,32,1,1
1.006,89.4619,8,256,32,32,1,1
1.106,99.4827,8,256,32,32,1,1
1.207,89.5456,8,256,32,32,1,1
1.307,79.6457,8,256,32,32,1,1
1.408,89.5613,8,256,32,32,1,1
1.508,89.6001,8,256,32,32,1,1
1.609,99.5525,8,256,32,32,1,1
0.101,49.7984,8,256,32,32,1,2
0.201,89.493,8,256,32,32,1,2
0.302,89.5296,8,256,32,32,1,2
0.402,99.5421,8,256,32,32,1,2
0.503,89.5918,8,256,32,32,1,2
0.603,99.5303,8,256,32,32,1,2
0.704,79.6276,8,256,32,32,1,2
0.804,69.6332,8,256,32,32,1,2
0.905,99.5275,8,256,32,32,1,2
1.005,89.621,8,256,32,32,1,2
1.105,99.6289,8,256,32,32,1,2
1.206,99.5823,8,256,32,32,1,2
1.306,89.5427,8,256,32,32,1,2
1.407,69.6869,8,256,32,32,1,2
1.507,89.563,8,256,32,32,1,2
1.608,99.5427,8,256,32,32,1,2
1.708,89.6088,8,256,32,32,1,2
0.101,49.7583,8,256,32,32,1,3
0.201,89.58,8,256,32,32,1,3
0.302,99.5116,8,256,32,32,1,3
0.402,89.5727,8,256,32,32,1,3
0.503,89.5691,8,256,32,32,1,3
0.603,99.5395,8,256,32,32,1,3
0.704,69.632,8,256,32,32,1,3
0.804,79.6037,8,256,32,32,1,3
0.905,99.5224,8,256,32,32,1,3
1.005,89.5859,8,256,32,32,1,3
1.106,99.5412,8,256,32,32,1,3
1.206,89.5558,8,256,32,32,1,3
1.307,89.5317,8,256,32,32,1,3
1.407,79.5932,8,256,32,32,1,3
1.508,89.5833,8,256,32,32,1,3
1.608,99.5408,8,256,32,32,1,3
0.101,49.7692,8,256,32,32,1,4
0.201,89.5116,8,256,32,32,1,4
0.302,89.508,8,256,32,32,1,4
0.402,99.5246,8,256,32,32,1,4
0.503,89.5897,8,256,32,32,1,4
0.603,99.5492,8,256,32,32,1,4
0.704,59.686,8,256,32,32,1,4
0.804,99.5831,8,256,32,32,1,4
0.905,89.5651,8,256,32,32,1,4
1.005,89.5442,8,256,32,32,1,4
1.106,89.5805,8,256,32,32,1,4
1.206,89.5798,8,256,32,32,1,4
1.307,89.55,8,256,32,32,1,4
1.407,79.5949,8,256,32,32,1,4
1.508,99.5282,8,256,32,32,1,4
1.608,89.5947,8,256,32,32,1,4
0.101,39.8078,8,256,32,32,1,5
0.201,99.4407,8,256,32,32,1,5
0.302,89.4919,8,256,32,32,1,5
0.402,89.5889,8,256,32,32,1,5
0.503,99.5099,8,256,32,32,1,5
0.603,89.588,8,256,32,32,1,5
0.704,79.5704,8,256,32,32,1,5
0.804,89.5542,8,256,32,32,1,5
0.905,89.5542,8,256,32,32,1,5
1.005,89.5857,8,256,32,32,1,5
1.106,99.5268,8,256,32,32,1,5
1.206,89.5515,8,256,32,32,1,5
1.307,99.4926,8,256,32,32,1,5
1.407,69.6546,8,256,32,32,1,5
1.508,99.5204,8,256,32,32,1,5
1.608,89.5864,8,256,32,32,1,5
1.709,89.528,8,256,32,32,1,5
0.102,9.8272,8,256,32,32,16,1
0.203,286.0783,8,256,32,32,16,1
0.307,514.0259,8,256,32,32,16,1
0.408,1457.0456,8,256,32,32,16,1
0.509,913.0549,8,256,32,32,16,1
0.102,9.8535,8,256,32,32,16,2
0.203,324.8399,8,256,32,32,16,2
0.309,491.1151,8,256,32,32,16,2
0.411,1363.012,8,256,32,32,16,2
0.512,1375.2232,8,256,32,32,16,2
0.102,19.7123,8,256,32,32,16,3
0.203,334.9554,8,256,32,32,16,3
0.308,498.7175,8,256,32,32,16,3
0.412,1417.1503,8,256,32,32,16,3
0.513,1150.8094,8,256,32,32,16,3
0.102,19.6927,8,256,32,32,16,4
0.203,315.6781,8,256,32,32,16,4
0.307,501.9954,8,256,32,32,16,4
0.409,1394.9836,8,256,32,32,16,4
0.51,1188.5772,8,256,32,32,16,4
0.102,9.873,8,256,32,32,16,5
0.204,343.2198,8,256,32,32,16,5
0.309,571.0222,8,256,32,32,16,5
0.411,1419.7597,8,256,32,32,16,5
0.512,1036.8153,8,256,32,32,16,5
0.101,39.8246,8,256,32,32,2,1
0.201,189.0005,8,256,32,32,2,1
0.302,179.0332,8,256,32,32,2,1
0.402,209.0443,8,256,32,32,2,1
0.503,189.0874,8,256,32,32,2,1
0.603,179.334,8,256,32,32,2,1
0.704,159.1335,8,256,32,32,2,1
0.804,169.1391,8,256,32,32,2,1
0.905,99.4469,8,256,32,32,2,1
0.101,39.7934,8,256,32,32,2,2
0.201,188.899,8,256,32,32,2,2
0.302,188.8341,8,256,32,32,2,2
0.403,188.9484,8,256,32,32,2,2
0.503,188.9512,8,256,32,32,2,2
0.604,179.0101,8,256,32,32,2,2
0.704,159.2004,8,256,32,32,2,2
0.805,179.0059,8,256,32,32,2,2
0.905,89.5011,8,256,32,32,2,2
0.101,39.8008,8,256,32,32,2,3
0.201,188.9003,8,256,32,32,2,3
0.302,188.855,8,256,32,32,2,3
0.403,188.9482,8,256,32,32,2,3
0.503,188.9649,8,256,32,32,2,3
0.604,179.0174,8,256,32,32,2,3
0.704,159.0682,8,256,32,32,2,3
0.805,188.9578,8,256,32,32,2,3
0.905,89.5891,8,256,32,32,2,3
0.101,39.8023,8,256,32,32,2,4
0.201,188.9034,8,256,32,32,2,4
0.302,189.0217,8,256,32,32,2,4
0.402,179.1368,8,256,32,32,2,4
0.503,189.006,8,256,32,32,2,4
0.603,199.0289,8,256,32,32,2,4
0.704,159.1608,8,256,32,32,2,4
0.804,169.0984,8,256,32,32,2,4
0.905,99.4486,8,256,32,32,2,4
0.101,39.8057,8,256,32,32,2,5
0.201,188.8515,8,256,32,32,2,5
0.302,198.7875,8,256,32,32,2,5
0.403,178.9836,8,256,32,32,2,5
0.503,198.9169,8,256,32,32,2,5
0.604,179.0193,8,256,32,32,2,5
0.704,169.0035,8,256,32,32,2,5
0.805,169.0275,8,256,32,32,2,5
0.905,99.4613,8,256,32,32,2,5
0.102,9.7876,8,256,32,32,32,1
0.204,324.329,8,256,32,32,32,1
0.307,377.8101,8,256,32,32,32,1
0.412,401.3085,8,256,32,32,32,1
0.519,458.6444,8,256,32,32,32,1
0.624,1181.6621,8,256,32,32,32,1
0.725,1206.5486,8,256,32,32,32,1
0.827,323.3928,8,256,32,32,32,1
0.928,89.2141,8,256,32,32,32,1
0.103,214.6241,8,256,32,32,32,2
0.205,373.6302,8,256,32,32,32,2
0.31,362.6647,8,256,32,32,32,2
0.413,415.191,8,256,32,32,32,2
0.523,717.4919,8,256,32,32,32,2
0.625,1606.746,8,256,32,32,32,2
0.726,147.8472,8,256,32,32,32,2
0.827,168.8885,8,256,32,32,32,2
0.102,9.8122,8,256,32,32,32,3
0.204,333.1806,8,256,32,32,32,3
0.307,430.0944,8,256,32,32,32,3
0.409,438.509,8,256,32,32,32,3
0.517,527.5399,8,256,32,32,32,3
0.62,1602.8507,8,256,32,32,32,3
0.722,108.486,8,256,32,32,32,3
0.823,523.6903,8,256,32,32,32,3
0.102,9.8103,8,256,32,32,32,4
0.209,327.408,8,256,32,32,32,4
0.313,366.9811,8,256,32,32,32,4
0.415,351.1032,8,256,32,32,32,4
0.521,645.5071,8,256,32,32,32,4
0.626,1559.0126,8,256,32,32,32,4
0.73,58.1671,8,256,32,32,32,4
0.831,590.9811,8,256,32,32,32,4
0.102,9.8315,8,256,32,32,32,5
0.204,402.5327,8,256,32,32,32,5
0.305,324.8405,8,256,32,32,32,5
0.408,409.8918,8,256,32,32,32,5
0.519,567.8676,8,256,32,32,32,5
0.622,1546.9773,8,256,32,32,32,5
0.723,465.6358,8,256,32,32,32,5
0.824,395.6998,8,256,32,32,32,5
0.101,29.7623,8,256,32,32,4,1
0.202,297.9059,8,256,32,32,4,1
0.302,377.6545,8,256,32,32,4,1
0.403,378.2318,8,256,32,32,4,1
0.503,367.9656,8,256,32,32,4,1
0.101,29.7208,8,256,32,32,4,2
0.202,317.5898,8,256,32,32,4,2
0.303,357.5162,8,256,32,32,4,2
0.403,387.5353,8,256,32,32,4,2
0.504,377.8154,8,256,32,32,4,2
0.101,29.7723,8,256,32,32,4,3
0.202,327.8168,8,256,32,32,4,3
0.302,367.8405,8,256,32,32,4,3
0.403,377.5542,8,256,32,32,4,3
0.504,377.6688,8,256,32,32,4,3
0.101,29.7956,8,256,32,32,4,4
0.202,307.9719,8,256,32,32,4,4
0.303,396.0775,8,256,32,32,4,4
0.404,376.5961,8,256,32,32,4,4
0.504,366.599,8,256,32,32,4,4
0.101,29.7479,8,256,32,32,4,5
0.202,327.1645,8,256,32,32,4,5
0.303,377.2767,8,256,32,32,4,5
0.403,377.892,8,256,32,32,4,5
0.504,388.0332,8,256,32,32,4,5
0.101,59.5228,8,256,32,32,8,1
0.205,328.0669,8,256,32,32,8,1
0.306,757.3948,8,256,32,32,8,1
0.408,760.5659,8,256,32,32,8,1
0.101,19.8302,8,256,32,32,8,2
0.203,343.1451,8,256,32,32,8,2
0.304,740.416,8,256,32,32,8,2
0.406,682.6798,8,256,32,32,8,2
0.102,19.7104,8,256,32,32,8,3
0.205,243.405,8,256,32,32,8,3
0.306,690.9454,8,256,32,32,8,3
0.407,751.2172,8,256,32,32,8,3
0.508,198.1577,8,256,32,32,8,3
0.101,29.7499,8,256,32,32,8,4
0.205,298.7115,8,256,32,32,8,4
0.307,766.6308,8,256,32,32,8,4
0.407,764.5729,8,256,32,32,8,4
0.102,29.6342,8,256,32,32,8,5
0.205,358.7105,8,256,32,32,8,5
0.306,748.5715,8,256,32,32,8,5
0.407,642.8068,8,256,32,32,8,5
0.101,59.7031,8,256,32,512,1,1
0.201,59.6636,8,256,32,512,1,1
0.302,59.6747,8,256,32,512,1,1
0.402,69.6604,8,256,32,512,1,1
0.101,49.77,8,256,32,512,1,2
0.201,79.5721,8,256,32,512,1,2
0.302,49.6894,8,256,32,512,1,2
0.403,59.6545,8,256,32,512,1,2
0.101,59.7697,8,256,32,512,1,3
0.201,69.6406,8,256,32,512,1,3
0.302,49.7327,8,256,32,512,1,3
0.402,59.7236,8,256,32,512,1,3
0.101,59.7272,8,256,32,512,1,4
0.201,59.6679,8,256,32,512,1,4
0.302,49.7073,8,256,32,512,1,4
0.402,79.6308,8,256,32,512,1,4
0.101,69.6682,8,256,32,512,1,5
0.201,59.6988,8,256,32,512,1,5
0.302,49.7033,8,256,32,512,1,5
0.402,69.6531,8,256,32,512,1,5
0.102,207.4998,8,256,32,512,16,1
0.206,421.0543,8,256,32,512,16,1
0.308,49.1315,8,256,32,512,16,1
0.103,225.7917,8,256,32,512,16,2
0.207,440.7034,8,256,32,512,16,2
0.309,49.0588,8,256,32,512,16,2
0.102,158.1824,8,256,32,512,16,3
0.21,452.9076,8,256,32,512,16,3
0.312,166.003,8,256,32,512,16,3
0.102,305.599,8,256,32,512,16,4
0.205,456.0122,8,256,32,512,16,4
0.306,49.4199,8,256,32,512,16,4
0.102,255.9262,8,256,32,512,16,5
0.209,439.7791,8,256,32,512,16,5
0.101,109.5205,8,256,32,512,2,1
0.201,109.3407,8,256,32,512,2,1
0.101,109.5112,8,256,32,512,2,2
0.201,119.3877,8,256,32,512,2,2
0.101,109.5079,8,256,32,512,2,3
0.201,109.3566,8,256,32,512,2,3
0.101,109.4506,8,256,32,512,2,4
0.201,119.344,8,256,32,512,2,4
0.101,109.5459,8,256,32,512,2,5
0.201,119.3808,8,256,32,512,2,5
0.103,265.4985,8,256,32,512,32,1
0.205,323.3912,8,256,32,512,32,1
0.308,299.6758,8,256,32,512,32,1
0.409,712.6327,8,256,32,512,32,1
0.51,9.9453,8,256,32,512,32,1
0.105,297.2592,8,256,32,512,32,2
0.207,461.5608,8,256,32,512,32,2
0.311,374.9415,8,256,32,512,32,2
0.413,739.1807,8,256,32,512,32,2
0.103,284.7641,8,256,32,512,32,3
0.207,308.2928,8,256,32,512,32,3
0.311,307.1297,8,256,32,512,32,3
0.413,873.7583,8,256,32,512,32,3
0.515,68.1045,8,256,32,512,32,3
0.103,303.5199,8,256,32,512,32,4
0.207,392.704,8,256,32,512,32,4
0.31,371.659,8,256,32,512,32,4
0.411,786.9171,8,256,32,512,32,4
0.512,0.0,8,256,32,512,32,4
0.103,285.3818,8,256,32,512,32,5
0.205,314.1491,8,256,32,512,32,5
0.307,303.7574,8,256,32,512,32,5
0.408,682.305,8,256,32,512,32,5
0.51,186.0939,8,256,32,512,32,5
0.101,119.4468,8,256,32,512,4,1
0.101,159.2123,8,256,32,512,4,2
0.101,169.0742,8,256,32,512,4,3
0.101,129.3518,8,256,32,512,4,4
0.101,148.8068,8,256,32,512,4,5
0.101,197.9639,8,256,32,512,8,1
0.202,247.8706,8,256,32,512,8,1
0.101,158.976,8,256,32,512,8,2
0.202,59.6312,8,256,32,512,8,2
0.102,157.9606,8,256,32,512,8,3
0.204,595.3305,8,256,32,512,8,3
0.101,188.0908,8,256,32,512,8,4
0.202,525.2462,8,256,32,512,8,4
0.101,168.4834,8,256,32,512,8,5
0.202,534.8111,8,256,32,512,8,5
0.101,59.732,8,256,32,64,1,1
0.201,89.5163,8,256,32,64,1,1
0.302,89.4951,8,256,32,64,1,1
0.402,89.5166,8,256,32,64,1,1
0.503,79.593,8,256,32,64,1,1
0.603,89.5739,8,256,32,64,1,1
0.704,89.5665,8,256,32,64,1,1
0.804,59.7039,8,256,32,64,1,1
0.905,99.5051,8,256,32,64,1,1
1.005,89.5546,8,256,32,64,1,1
1.106,89.5381,8,256,32,64,1,1
0.101,59.6778,8,256,32,64,1,2
0.201,89.5447,8,256,32,64,1,2
0.302,89.5112,8,256,32,64,1,2
0.402,89.5562,8,256,32,64,1,2
0.503,69.5559,8,256,32,64,1,2
0.604,89.5591,8,256,32,64,1,2
0.704,89.5176,8,256,32,64,1,2
0.805,69.66,8,256,32,64,1,2
0.905,89.5606,8,256,32,64,1,2
1.006,89.6334,8,256,32,64,1,2
1.106,89.6194,8,256,32,64,1,2
0.101,59.7166,8,256,32,64,1,3
0.201,89.517,8,256,32,64,1,3
0.302,89.5061,8,256,32,64,1,3
0.402,79.5864,8,256,32,64,1,3
0.503,79.6029,8,256,32,64,1,3
0.603,89.5786,8,256,32,64,1,3
0.704,89.537,8,256,32,64,1,3
0.804,69.6517,8,256,32,64,1,3
0.905,99.5353,8,256,32,64,1,3
1.005,89.5913,8,256,32,64,1,3
0.101,49.7484,8,256,32,64,1,4
0.201,99.4691,8,256,32,64,1,4
0.302,89.4509,8,256,32,64,1,4
0.403,79.5593,8,256,32,64,1,4
0.503,79.5864,8,256,32,64,1,4
0.604,99.5084,8,256,32,64,1,4
0.704,89.5566,8,256,32,64,1,4
0.805,59.6912,8,256,32,64,1,4
0.905,89.633,8,256,32,64,1,4
1.005,89.5615,8,256,32,64,1,4
0.101,49.7711,8,256,32,64,1,5
0.201,99.4829,8,256,32,64,1,5
0.302,89.4919,8,256,32,64,1,5
0.402,79.609,8,256,32,64,1,5
0.503,79.5883,8,256,32,64,1,5
0.603,99.487,8,256,32,64,1,5
0.704,89.5593,8,256,32,64,1,5
0.804,59.7013,8,256,32,64,1,5
0.905,89.561,8,256,32,64,1,5
1.005,89.5678,8,256,32,64,1,5
1.106,89.5947,8,256,32,64,1,5
0.103,166.6169,8,256,32,64,16,1
0.205,264.6191,8,256,32,64,16,1
0.308,795.3089,8,256,32,64,16,1
0.41,1355.9501,8,256,32,64,16,1
0.102,19.6675,8,256,32,64,16,2
0.204,294.6867,8,256,32,64,16,2
0.305,968.2171,8,256,32,64,16,2
0.406,1117.8426,8,256,32,64,16,2
0.102,167.5995,8,256,32,64,16,3
0.204,295.1844,8,256,32,64,16,3
0.306,894.0673,8,256,32,64,16,3
0.407,1334.6388,8,256,32,64,16,3
0.102,166.8828,8,256,32,64,16,4
0.205,310.8175,8,256,32,64,16,4
0.308,752.2282,8,256,32,64,16,4
0.41,1435.2529,8,256,32,64,16,4
0.102,206.4983,8,256,32,64,16,5
0.204,314.2561,8,256,32,64,16,5
0.306,857.0139,8,256,32,64,16,5
0.407,1226.4664,8,256,32,64,16,5
0.101,89.5716,8,256,32,64,2,1
0.201,188.8827,8,256,32,64,2,1
0.302,188.8917,8,256,32,64,2,1
0.403,178.9341,8,256,32,64,2,1
0.503,139.3052,8,256,32,64,2,1
0.604,89.5547,8,256,32,64,2,1
0.101,99.5135,8,256,32,64,2,2
0.201,188.8793,8,256,32,64,2,2
0.302,178.8651,8,256,32,64,2,2
0.403,179.1052,8,256,32,64,2,2
0.503,149.1409,8,256,32,64,2,2
0.604,99.4505,8,256,32,64,2,2
0.101,99.5001,8,256,32,64,2,3
0.201,198.8171,8,256,32,64,2,3
0.302,178.8745,8,256,32,64,2,3
0.403,168.9942,8,256,32,64,2,3
0.503,149.127,8,256,32,64,2,3
0.604,99.541,8,256,32,64,2,3
0.101,99.5822,8,256,32,64,2,4
0.201,188.9463,8,256,32,64,2,4
0.302,189.0253,8,256,32,64,2,4
0.402,179.1168,8,256,32,64,2,4
0.503,149.2342,8,256,32,64,2,4
0.603,89.6045,8,256,32,64,2,4
0.101,99.4844,8,256,32,64,2,5
0.201,188.8711,8,256,32,64,2,5
0.302,178.8578,8,256,32,64,2,5
0.403,169.106,8,256,32,64,2,5
0.503,139.3114,8,256,32,64,2,5
0.604,99.5032,8,256,32,64,2,5
0.103,293.9796,8,256,32,64,32,1
0.206,320.2978,8,256,32,64,32,1
0.308,284.4994,8,256,32,64,32,1
0.413,378.8875,8,256,32,64,32,1
0.517,1188.2453,8,256,32,64,32,1
0.618,514.1763,8,256,32,64,32,1
0.719,436.3853,8,256,32,64,32,1
0.103,9.7566,8,256,32,64,32,2
0.205,381.6156,8,256,32,64,32,2
0.307,381.9052,8,256,32,64,32,2
0.41,311.5466,8,256,32,64,32,2
0.515,1180.1131,8,256,32,64,32,2
0.616,188.4032,8,256,32,64,32,2
0.717,0.0,8,256,32,64,32,2
0.103,254.8491,8,256,32,64,32,3
0.205,332.8943,8,256,32,64,32,3
0.308,380.6516,8,256,32,64,32,3
0.411,388.388,8,256,32,64,32,3
0.513,1418.9711,8,256,32,64,32,3
0.614,78.9292,8,256,32,64,32,3
0.715,9.9155,8,256,32,64,32,3
0.104,234.1032,8,256,32,64,32,4
0.206,382.8093,8,256,32,64,32,4
0.308,420.9914,8,256,32,64,32,4
0.41,341.1802,8,256,32,64,32,4
0.512,1405.1382,8,256,32,64,32,4
0.613,118.3691,8,256,32,64,32,4
0.104,323.0642,8,256,32,64,32,5
0.206,379.0476,8,256,32,64,32,5
0.31,424.9713,8,256,32,64,32,5
0.415,370.1379,8,256,32,64,32,5
0.517,1469.1641,8,256,32,64,32,5
0.62,136.0805,8,256,32,64,32,5
0.721,0.0,8,256,32,64,32,5
0.101,119.0212,8,256,32,64,4,1
0.202,366.4833,8,256,32,64,4,1
0.303,347.3395,8,256,32,64,4,1
0.101,119.3506,8,256,32,64,4,2
0.202,387.4223,8,256,32,64,4,2
0.303,356.7154,8,256,32,64,4,2
0.102,118.5713,8,256,32,64,4,3
0.203,375.9522,8,256,32,64,4,3
0.304,366.2388,8,256,32,64,4,3
0.101,108.9726,8,256,32,64,4,4
0.202,367.1255,8,256,32,64,4,4
0.303,377.7067,8,256,32,64,4,4
0.101,119.4552,8,256,32,64,4,5
0.202,356.8848,8,256,32,64,4,5
0.303,386.2046,8,256,32,64,4,5
0.102,187.7049,8,256,32,64,8,1
0.206,384.013,8,256,32,64,8,1
0.307,760.6205,8,256,32,64,8,1
0.101,188.5416,8,256,32,64,8,2
0.203,483.772,8,256,32,64,8,2
0.304,652.4407,8,256,32,64,8,2
0.102,186.8827,8,256,32,64,8,3
0.206,364.0992,8,256,32,64,8,3
0.308,775.6002,8,256,32,64,8,3
0.409,69.5327,8,256,32,64,8,3
0.102,178.0165,8,256,32,64,8,4
0.204,479.6063,8,256,32,64,8,4
0.305,740.2574,8,256,32,64,8,4
0.102,227.0008,8,256,32,64,8,5
0.206,403.5979,8,256,32,64,8,5
0.308,776.4068,8,256,32,64,8,5
