benchmark,parsed_benchmark_name,sst_size_mb,input_data_mb,requested_input_sst_count,input_path_component,value_size,key_size,requested_subcompactions,requested_bg_threads,num_repeats,benchmark_elapsed_s,compaction_time_micros,compaction_time_count,compaction_runs,preload_entries,target_logical_input_bytes,preload_sst_count,preload_sst_bytes,preload_db_bytes,compaction_count,actual_subcompactions_avg,actual_subcompactions_max,total_compaction_wall_s,total_compaction_cpu_s,total_compaction_read_io_s,total_compaction_write_io_s,read_pct,write_pct,compute_pct,cpu_resource_pct,total_input_bytes,total_output_bytes,total_input_records,total_output_records,target_logical_input_records,total_logical_input_bytes,total_logical_output_bytes,input_throughput_mib_per_sec,output_throughput_mib_per_sec,logical_input_throughput_mib_per_sec,logical_target_throughput_mib_per_sec,total_rw_throughput_mib_per_sec,logical_input_throughput_records_per_sec,logical_output_throughput_records_per_sec,logical_target_throughput_records_per_sec,total_rw_throughput_records_per_sec,logical_input_throughput_mrecords_per_sec,logical_output_throughput_mrecords_per_sec,logical_target_throughput_mrecords_per_sec,total_rw_throughput_mrecords_per_sec,avg_device_util_pct,max_device_util_pct,avg_device_queue_depth,avg_device_rkib_per_sec,avg_device_wkib_per_sec,avg_process_cpu_pct,max_process_cpu_pct,avg_system_cpu_busy_pct,avg_system_cpu_iowait_pct,avg_foreground_cpu_pct,avg_compaction_cpu_pct,avg_flush_cpu_pct,avg_background_cpu_pct,max_compaction_cpu_pct,benchmark_elapsed_s_std,compaction_time_micros_std,compaction_time_count_std,compaction_runs_std,preload_entries_std,target_logical_input_bytes_std,preload_sst_count_std,preload_sst_bytes_std,preload_db_bytes_std,compaction_count_std,actual_subcompactions_avg_std,actual_subcompactions_max_std,total_compaction_wall_s_std,total_compaction_cpu_s_std,total_compaction_read_io_s_std,total_compaction_write_io_s_std,read_pct_std,write_pct_std,compute_pct_std,cpu_resource_pct_std,total_input_bytes_std,total_output_bytes_std,total_input_records_std,total_output_records_std,target_logical_input_records_std,total_logical_input_bytes_std,total_logical_output_bytes_std,input_throughput_mib_per_sec_std,output_throughput_mib_per_sec_std,logical_input_throughput_mib_per_sec_std,logical_target_throughput_mib_per_sec_std,total_rw_throughput_mib_per_sec_std,logical_input_throughput_records_per_sec_std,logical_output_throughput_records_per_sec_std,logical_target_throughput_records_per_sec_std,total_rw_throughput_records_per_sec_std,logical_input_throughput_mrecords_per_sec_std,logical_output_throughput_mrecords_per_sec_std,logical_target_throughput_mrecords_per_sec_std,total_rw_throughput_mrecords_per_sec_std,avg_device_util_pct_std,max_device_util_pct_std,avg_device_queue_depth_std,avg_device_rkib_per_sec_std,avg_device_wkib_per_sec_std,avg_process_cpu_pct_std,max_process_cpu_pct_std,avg_system_cpu_busy_pct_std,avg_system_cpu_iowait_pct_std,avg_foreground_cpu_pct_std,avg_compaction_cpu_pct_std,avg_flush_cpu_pct_std,avg_background_cpu_pct_std,max_compaction_cpu_pct_std,elapsed_source,compaction_time_source,run_dir,dominant_breakdown,baseline_logical_input_throughput_mib_per_sec,baseline_input_throughput_mib_per_sec,baseline_logical_input_throughput_records_per_sec,baseline_logical_input_throughput_mrecords_per_sec,baseline_compaction_time_micros,baseline_compaction_time_micros_std,speedup_vs_subcomp1,speedup_vs_subcomp1_std,efficiency_vs_subcomp1
compactall,compactall,8,32,4,input_4sst,32,16,1,1,5,0.1833854,183385.4,1.0,5.0,699051.0,33554432.0,7.0,39693886.0,39759621.0,1.0,1.0,1.0,0.1833854,0.14680140000000003,0.029094365599999998,0.0074896344,15.855710975266032,4.085182175133938,80.05910684960004,80.05910684960004,39693886.0,39468661.0,698865.0,697813.0,699050.6666666666,33545520.0,33495024.0,206.46008666340737,205.2886222968607,174.48054761806551,174.52690166594948,411.74870896026806,3811585.7228991813,3805848.1510069133,3812598.342526555,7617433.873906094,3.8115857228991814,3.805848151006913,3.812598342526555,7.617433873906094,10.752,10.752,0.9079,144995.46872,375405.85262,87.61136,87.61136,5.755599999999999,0.62578,0.0,87.61136,0.0,87.61136,87.61136,0.002429025450669471,2429.0254506694655,0.0,0.0,0.0,0.0,0.0,0.0,0.0,0.0,0.0,0.0,0.002429025450669471,0.001032989951548422,0.001804224749010455,5.913250326038991e-05,0.7984791173867211,0.08405941326185837,0.7216203838116991,0.721620383811696,0.0,0.0,0.0,0.0,0.0,0.0,0.0,2.769143769779317,2.753431516120188,2.3402185342097086,2.340840257395913,5.522575285899504,51122.8539526559,51045.898829194084,51136.43570289937,102168.75278184991,0.0511228539526559,0.05104589882919408,0.0511364357028994,0.1021687527818499,2.304932359962001,2.304932359962001,0.06380498413133569,32.96733182230088,1221.3616884254911,9.77358952045767,9.77358952045767,0.44779186236464824,0.0029184927616836853,0.0,9.77358952045767,0.0,9.77358952045767,9.77358952045767,compaction_wall_sum,rocksdb.compaction.times.micros,/home/1755_project/presentation/cpu/compaction_parallelism/final-speedup-cpu-8mb-sst_4sst/sst_8MB/input_4sst/value_32/subcomp_1/repeat_01,computation,174.48054761806551,206.46008666340737,3811585.7228991813,3.8115857228991814,183385.4,2429.0254506694655,1.0,0.0,1.0
compactall,compactall,8,32,4,input_4sst,32,16,2,1,5,0.1012502,101250.2,1.0,5.0,699051.0,33554432.0,7.0,39693886.0,39759621.0,1.0,2.0,2.0,0.1012502,0.1532954,0.0,0.0075276488,0.0,7.436489113215302,92.5635108867847,151.4152242906778,39693886.0,39469938.0,698865.0,697813.0,699050.6666666666,33545520.0,33495024.0,373.9904551733313,371.88044723772236,316.06137765967503,316.1453453250355,745.8709024110536,6904466.148768155,6894072.870540595,6906300.450407175,13798539.01930875,6.904466148768155,6.894072870540595,6.906300450407175,13.798539019308752,0.0,0.0,0.0,0.0,0.0,0.0,0.0,0.0,0.0,0.0,0.0,0.0,0.0,0.0,0.0017591678032524345,1759.1678032524358,0.0,0.0,0.0,0.0,0.0,0.0,0.0,0.0,0.0,0.0,0.0017591678032524345,0.0022019573656181417,0.0,0.00010238676556938393,0.0,0.1415174441573627,0.14151744415736328,1.2572133522126123,0.0,0.0,0.0,0.0,0.0,0.0,0.0,6.577124635565671,6.540017311080332,5.558363975874281,5.559840660085859,13.117141946645999,121424.31384096593,121241.5340792653,121456.57249979566,242665.8479202306,0.1214243138409659,0.12124153407926522,0.12145657249979558,0.24266584792023038,0.0,0.0,0.0,0.0,0.0,0.0,0.0,0.0,0.0,0.0,0.0,0.0,0.0,0.0,compaction_wall_sum,rocksdb.compaction.times.micros,/home/1755_project/presentation/cpu/compaction_parallelism/final-speedup-cpu-8mb-sst_4sst/sst_8MB/input_4sst/value_32/subcomp_2/repeat_01,computation,174.48054761806551,206.46008666340737,3811585.7228991813,3.8115857228991814,183385.4,2429.0254506694655,1.8112102494612357,0.039570462102154785,0.9056051247306178
compactall,compactall,8,32,4,input_4sst,32,16,4,1,5,0.062464200000000004,62464.2,1.0,5.0,699051.0,33554432.0,7.0,39693886.0,39759621.0,1.0,4.0,4.0,0.062464200000000004,0.1625388,0.0,0.0083622222,0.0,13.411881067393171,86.58811893260683,260.2779381476902,39693886.0,39472524.0,698865.0,697813.0,699050.6666666666,33545520.0,33495024.0,606.6708295467539,603.2875914286686,512.7008337248014,512.8370423699545,1209.9584209754225,11200120.612996195,11183261.095228283,11203096.136252444,22383381.70822448,11.200120612996194,11.183261095228284,11.203096136252444,22.383381708224476,0.0,0.0,0.0,0.0,0.0,0.0,0.0,0.0,0.0,0.0,0.0,0.0,0.0,0.0,0.002067279893966947,2067.2798939669487,0.0,0.0,0.0,0.0,0.0,0.0,0.0,0.0,0.0,0.0,0.002067279893966947,0.004612768253446075,0.0,0.0004788544662560429,0.0,1.02932955789074,1.0293295578907427,3.887957392217834,0.0,0.0,0.0,0.0,0.0,0.0,0.0,19.434604318793763,19.32622281940573,16.424290326933,16.4286537493928,38.76082713819947,358794.09695529426,358254.0049632824,358889.417373402,717048.1019185768,0.3587940969552944,0.35825400496328236,0.35888941737340224,0.7170481019185769,0.0,0.0,0.0,0.0,0.0,0.0,0.0,0.0,0.0,0.0,0.0,0.0,0.0,0.0,compaction_wall_sum,rocksdb.compaction.times.micros,/home/1755_project/presentation/cpu/compaction_parallelism/final-speedup-cpu-8mb-sst_4sst/sst_8MB/input_4sst/value_32/subcomp_4/repeat_01,computation,174.48054761806551,206.46008666340737,3811585.7228991813,3.8115857228991814,183385.4,2429.0254506694655,2.9358480537651968,0.10465589094099151,0.7339620134412992
compactall,compactall,8,32,4,input_4sst,32,16,8,1,5,0.06920580000000001,69205.8,1.0,5.0,699051.0,33554432.0,7.0,39693886.0,39759621.0,1.0,5.0,5.0,0.06920580000000001,0.2126516,0.0,0.008451594599999999,0.0,12.34801103459419,87.6519889654058,305.6471552065018,39693886.0,39469999.0,698865.0,697813.0,699050.6666666666,33545520.0,33495024.0,558.0550180429021,554.9073981846557,471.61534571995634,471.74063923041786,1112.962416227558,10302594.432367686,10287085.958852988,10305331.510868222,20589680.39122067,10.302594432367687,10.287085958852987,10.305331510868221,20.589680391220675,0.0,0.0,0.0,0.0,0.0,0.0,0.0,0.0,0.0,0.0,0.0,0.0,0.0,0.0,0.01014295028874735,10142.950288747352,0.0,0.0,0.0,0.0,0.0,0.0,0.0,0.0,0.0,0.0,0.01014295028874735,0.04059913063896812,0.0,0.0006355392282081726,0.0,1.0143744747787136,1.0143744747787151,14.225795649163793,0.0,0.0,0.0,0.0,0.0,0.0,0.0,75.7291729211477,75.30203466268146,63.999137922898726,64.01614050080386,151.03120758382914,1398082.5009716966,1395977.9703527328,1398453.927953561,2794060.4713244285,1.3980825009716964,1.395977970352733,1.398453927953561,2.7940604713244293,0.0,0.0,0.0,0.0,0.0,0.0,0.0,0.0,0.0,0.0,0.0,0.0,0.0,0.0,compaction_wall_sum,rocksdb.compaction.times.micros,/home/1755_project/presentation/cpu/compaction_parallelism/final-speedup-cpu-8mb-sst_4sst/sst_8MB/input_4sst/value_32/subcomp_8/repeat_01,computation,174.48054761806551,206.46008666340737,3811585.7228991813,3.8115857228991814,183385.4,2429.0254506694655,2.6498559369301415,0.3899513438288675,0.3312319921162677
compactall,compactall,8,32,4,input_4sst,32,16,16,1,5,0.0684554,68455.4,1.0,5.0,699051.0,33554432.0,7.0,39693886.0,39759621.0,1.0,5.0,5.0,0.0684554,0.20989560000000002,0.0,0.0085682558,0.0,12.756785965529584,87.24321403447041,303.7723898571049,39693886.0,39469999.0,698865.0,697813.0,699050.6666666666,33545520.0,33495024.0,565.4857378732228,562.296206231115,477.8950876601236,478.02204950245687,1127.7819441043378,10439777.488297952,10424062.51342056,10442551.012064336,20863840.001718514,10.439777488297953,10.42406251342056,10.442551012064337,20.86384000171851,0.0,0.0,0.0,0.0,0.0,0.0,0.0,0.0,0.0,0.0,0.0,0.0,0.0,0.0,0.011273657802150996,11273.657802150996,0.0,0.0,0.0,0.0,0.0,0.0,0.0,0.0,0.0,0.0,0.011273657802150996,0.04899245547469528,0.0,0.0004170309090872758,0.0,1.5730344089941861,1.5730344089941888,17.524638443786174,0.0,0.0,0.0,0.0,0.0,0.0,0.0,76.07396588821136,75.64488288029385,64.29052434378211,64.30760433398504,151.7188487685052,1404447.934464701,1402333.8219722218,1404821.052544014,2806781.7564369226,1.4044479344647014,1.402333821972222,1.4048210525440141,2.8067817564369224,0.0,0.0,0.0,0.0,0.0,0.0,0.0,0.0,0.0,0.0,0.0,0.0,0.0,0.0,compaction_wall_sum,rocksdb.compaction.times.micros,/home/1755_project/presentation/cpu/compaction_parallelism/final-speedup-cpu-8mb-sst_4sst/sst_8MB/input_4sst/value_32/subcomp_16/repeat_01,computation,174.48054761806551,206.46008666340737,3811585.7228991813,3.8115857228991814,183385.4,2429.0254506694655,2.6789033443672814,0.44260297378352903,0.1674314590229551
compactall,compactall,8,32,4,input_4sst,32,16,32,1,5,0.0700904,70090.4,1.0,5.0,699051.0,33554432.0,7.0,39693886.0,39759621.0,1.0,5.0,5.0,0.0700904,0.20658980000000002,0.0,0.012866460199999999,0.0,18.454754251105363,81.54524574889464,293.54327802799855,39693886.0,39469999.0,698865.0,697813.0,699050.6666666666,33545520.0,33495024.0,546.5372203304859,543.4545647636277,461.88159192427577,462.00429947947913,1089.9917850941135,10089957.336116444,10074768.944771055,10092637.923562381,20164726.2808875,10.089957336116443,10.074768944771055,10.092637923562382,20.1647262808875,0.0,0.0,0.0,0.0,0.0,0.0,0.0,0.0,0.0,0.0,0.0,0.0,0.0,0.0,0.0075989537595645374,7598.953759564536,0.0,0.0,0.0,0.0,0.0,0.0,0.0,0.0,0.0,0.0,0.0075989537595645374,0.03148818111863561,0.0,0.0016705974452000576,0.0,2.258065834015432,2.2580658340154294,14.549151653712961,0.0,0.0,0.0,0.0,0.0,0.0,0.0,59.70732260719927,59.37055302670118,50.458984657391696,50.47239003823737,119.0778756339004,1102293.3395022743,1100634.059679767,1102586.1845153081,2202927.3991820402,1.102293339502274,1.1006340596797668,1.1025861845153084,2.2029273991820406,0.0,0.0,0.0,0.0,0.0,0.0,0.0,0.0,0.0,0.0,0.0,0.0,0.0,0.0,compaction_wall_sum,rocksdb.compaction.times.micros,/home/1755_project/presentation/cpu/compaction_parallelism/final-speedup-cpu-8mb-sst_4sst/sst_8MB/input_4sst/value_32/subcomp_32/repeat_01,computation,174.48054761806551,206.46008666340737,3811585.7228991813,3.8115857228991814,183385.4,2429.0254506694655,2.616412518690149,0.28577134290050443,0.08176289120906716
compactall,compactall,8,32,4,input_4sst,64,16,1,1,5,0.1261602,126160.2,1.0,5.0,419431.0,33554432.0,6.0,37263412.0,37325142.0,1.0,1.0,1.0,0.1261602,0.0932906,0.0239064684,0.0089631316,18.918867832694332,7.107806674729863,73.97332549257581,73.97332549257581,37263412.0,37159477.0,419354.0,418984.0,419430.4,33548320.0,33518720.0,281.8188219909511,281.0327737551205,253.72201617434993,253.76824051472994,562.8515957460716,3325585.2104004393,3322651.015119488,3326191.0820746687,6648236.225519927,3.325585210400439,3.322651015119488,3.3261910820746685,6.648236225519928,19.312279999999998,19.312279999999998,1.5669,240366.11706,555442.2754200001,83.62068,83.62068,5.610259999999999,1.12188,0.0,83.62068,0.0,83.62068,83.62068,0.0027686790641025948,2768.679064102591,0.0,0.0,0.0,0.0,0.0,0.0,0.0,0.0,0.0,0.0,0.0027686790641025948,0.0010079600388904295,0.0025271783653424713,0.00024377416174615384,1.6198766185436968,0.2391326013733699,1.4134904987480048,1.4134904987480048,0.0,0.0,0.0,0.0,0.0,0.0,0.0,6.198428031568642,6.18113939419264,5.580456430024046,5.58147310536576,12.37956742576128,73144.15851961111,73079.62273683032,73157.48428665021,146223.78125644146,0.07314415851961112,0.07307962273683034,0.07315748428665018,0.14622378125644137,2.319463704738662,2.319463704738662,0.14421837608293886,2697.6568244476,4216.258912537761,4.8708759989964845,4.8708759989964845,0.3832459033049146,0.2484644876033595,0.0,4.8708759989964845,0.0,4.8708759989964845,4.8708759989964845,compaction_wall_sum,rocksdb.compaction.times.micros,/home/1755_project/presentation/cpu/compaction_parallelism/final-speedup-cpu-8mb-sst_4sst/sst_8MB/input_4sst/value_64/subcomp_1/repeat_01,computation,253.72201617434993,281.8188219909511,3325585.2104004393,3.325585210400439,126160.2,2768.679064102591,1.0,0.0,1.0
compactall,compactall,8,32,4,input_4sst,64,16,2,1,5,0.073058,73058.0,1.0,5.0,419431.0,33554432.0,6.0,37263412.0,37325142.0,1.0,2.0,2.0,0.073058,0.0968166,0.0,0.0079120126,0.0,10.847941488951852,89.15205851104815,132.65788843530035,37263412.0,37160845.0,419354.0,418984.0,419430.4,33548320.0,33518720.0,486.9916465480284,485.6512091181041,438.4394965152454,438.5193736060416,972.6428556661325,5746714.168724624,5741643.788467305,5747761.13372911,11488357.95719193,5.746714168724624,5.741643788467305,5.747761133729109,11.48835795719193,0.0,0.0,0.0,0.0,0.0,0.0,0.0,0.0,0.0,0.0,0.0,0.0,0.0,0.0,0.00246410072846059,2464.100728460588,0.0,0.0,0.0,0.0,0.0,0.0,0.0,0.0,0.0,0.0,0.00246410072846059,0.0004504382754606908,0.0,0.00017237092753547497,0.0,0.5690931919015009,0.5690931919015026,4.1043076184148894,0.0,0.0,0.0,0.0,0.0,0.0,0.0,16.837437486192602,16.791092684201658,15.158776677959201,15.161538379381364,33.62853017039422,198689.11767334657,198513.81238583504,198725.31584622755,397202.93005918217,0.19868911767334657,0.19851381238583488,0.19872531584622768,0.3972029300591818,0.0,0.0,0.0,0.0,0.0,0.0,0.0,0.0,0.0,0.0,0.0,0.0,0.0,0.0,compaction_wall_sum,rocksdb.compaction.times.micros,/home/1755_project/presentation/cpu/compaction_parallelism/final-speedup-cpu-8mb-sst_4sst/sst_8MB/input_4sst/value_64/subcomp_2/repeat_01,computation,253.72201617434993,281.8188219909511,3325585.2104004393,3.325585210400439,126160.2,2768.679064102591,1.7268499000793889,0.06948707518954995,0.8634249500396944
compactall,compactall,8,32,4,input_4sst,64,16,4,1,5,0.0479578,47957.8,1.0,5.0,419431.0,33554432.0,6.0,37263412.0,37325142.0,1.0,4.0,4.0,0.0479578,0.1018786,0.0,0.009771285599999999,0.0,20.353140853759253,79.64685914624076,212.50340914511858,37263412.0,37163400.0,419354.0,418984.0,419430.4,33548320.0,33518720.0,741.5097768987898,739.5196243113885,667.5826485918469,667.7042721231651,1481.0294012101783,8750139.291623054,8742418.96097663,8751733.435572749,17492558.252599686,8.750139291623054,8.74241896097663,8.75173343557275,17.492558252599686,0.0,0.0,0.0,0.0,0.0,0.0,0.0,0.0,0.0,0.0,0.0,0.0,0.0,0.0,0.0012469002205469368,1246.900220546937,0.0,0.0,0.0,0.0,0.0,0.0,0.0,0.0,0.0,0.0,0.0012469002205469368,0.0018708233053925732,0.0,0.0007509348457320648,0.0,1.1128486517965424,1.1128486517965392,3.7448584557403444,0.0,0.0,0.0,0.0,0.0,0.0,0.0,19.269060417911756,19.217343809928668,17.347971382745037,17.351131922560175,38.48640422784048,227383.33050791547,227182.70804506107,227424.7563353809,454566.03855297767,0.2273833305079159,0.227182708045061,0.22742475633538134,0.45456603855297784,0.0,0.0,0.0,0.0,0.0,0.0,0.0,0.0,0.0,0.0,0.0,0.0,0.0,0.0,compaction_wall_sum,rocksdb.compaction.times.micros,/home/1755_project/presentation/cpu/compaction_parallelism/final-speedup-cpu-8mb-sst_4sst/sst_8MB/input_4sst/value_64/subcomp_4/repeat_01,computation,253.72201617434993,281.8188219909511,3325585.2104004393,3.325585210400439,126160.2,2768.679064102591,2.6306502800378664,0.08950447859270341,0.6576625700094666
compactall,compactall,8,32,4,input_4sst,64,16,8,1,5,0.055741799999999994,55741.8,1.0,5.0,419431.0,33554432.0,6.0,37263412.0,37325142.0,1.0,5.0,5.0,0.055741799999999994,0.1545494,0.0,0.0114634008,0.0,20.224216770952093,79.7757832290479,274.818948360303,37263412.0,37160600.0,419354.0,418984.0,419430.4,33548320.0,33518720.0,646.4289996542528,644.6454630765381,581.981245777514,582.0872740189935,1291.074462730791,7628144.584655032,7621414.200549187,7629534.318021752,15249558.785204217,7.628144584655033,7.621414200549187,7.6295343180217525,15.249558785204218,0.0,0.0,0.0,0.0,0.0,0.0,0.0,0.0,0.0,0.0,0.0,0.0,0.0,0.0,0.0069278965754404846,6927.896575440484,0.0,0.0,0.0,0.0,0.0,0.0,0.0,0.0,0.0,0.0,0.0069278965754404846,0.03281541834321178,0.0,0.003165035038054045,0.0,2.8519022769477056,2.8519022769477043,25.083464712291445,0.0,0.0,0.0,0.0,0.0,0.0,0.0,71.82270246006289,71.6245392943999,64.66211428505194,64.67389475103387,143.44724175446274,847539.264357033,846791.472448974,847693.673280751,1694330.7368060069,0.8475392643570332,0.846791472448974,0.8476936732807512,1.6943307368060065,0.0,0.0,0.0,0.0,0.0,0.0,0.0,0.0,0.0,0.0,0.0,0.0,0.0,0.0,compaction_wall_sum,rocksdb.compaction.times.micros,/home/1755_project/presentation/cpu/compaction_parallelism/final-speedup-cpu-8mb-sst_4sst/sst_8MB/input_4sst/value_64/subcomp_8/repeat_01,computation,253.72201617434993,281.8188219909511,3325585.2104004393,3.325585210400439,126160.2,2768.679064102591,2.263296126066973,0.2856464158738339,0.2829120157583716
compactall,compactall,8,32,4,input_4sst,64,16,16,1,5,0.0618024,61802.4,1.0,5.0,419431.0,33554432.0,6.0,37263412.0,37325142.0,1.0,5.0,5.0,0.0618024,0.1819636,0.0,0.012795462399999999,0.0,20.129037775592536,79.87096222440746,289.52269119685656,37263412.0,37160600.0,419354.0,418984.0,419430.4,33548320.0,33518720.0,593.7897478486018,592.1514461397885,534.5900282439031,534.6874225173758,1185.9411939883903,7006978.418198489,7000796.094875631,7008254.984419748,14007774.513074119,7.006978418198488,7.00079609487563,7.008254984419748,14.00777451307412,0.0,0.0,0.0,0.0,0.0,0.0,0.0,0.0,0.0,0.0,0.0,0.0,0.0,0.0,0.011252664015245457,11252.664015245457,0.0,0.0,0.0,0.0,0.0,0.0,0.0,0.0,0.0,0.0,0.011252664015245457,0.05036990217421511,0.0,0.005244647662159951,0.0,5.115319976536168,5.115319976536165,27.47389503219151,0.0,0.0,0.0,0.0,0.0,0.0,0.0,103.45216466465995,103.16673390610507,93.13817867410275,93.15514705129887,206.618898570765,1220780.7355171998,1219703.6291294186,1221003.1434307843,2440484.3646466183,1.2207807355172,1.2197036291294185,1.2210031434307844,2.4404843646466183,0.0,0.0,0.0,0.0,0.0,0.0,0.0,0.0,0.0,0.0,0.0,0.0,0.0,0.0,compaction_wall_sum,rocksdb.compaction.times.micros,/home/1755_project/presentation/cpu/compaction_parallelism/final-speedup-cpu-8mb-sst_4sst/sst_8MB/input_4sst/value_64/subcomp_16/repeat_01,computation,253.72201617434993,281.8188219909511,3325585.2104004393,3.325585210400439,126160.2,2768.679064102591,2.0413479088190747,0.3743682591494743,0.12758424430119217
compactall,compactall,8,32,4,input_4sst,64,16,32,1,5,0.063625,63625.0,1.0,5.0,419431.0,33554432.0,6.0,37263412.0,37325142.0,1.0,5.0,5.0,0.063625,0.1843242,0.0,0.010821271399999999,0.0,17.13365516919807,82.86634483080192,287.96820180126525,37263412.0,37160600.0,419354.0,418984.0,419430.4,33548320.0,33518720.0,568.2595229501547,566.6916606708351,511.605118687981,511.6983254561716,1134.95118362099,6705710.611667106,6699794.099779018,6706932.291419132,13405504.711446123,6.705710611667105,6.699794099779018,6.706932291419132,13.405504711446122,0.0,0.0,0.0,0.0,0.0,0.0,0.0,0.0,0.0,0.0,0.0,0.0,0.0,0.0,0.008406830246888538,8406.830246888538,0.0,0.0,0.0,0.0,0.0,0.0,0.0,0.0,0.0,0.0,0.008406830246888538,0.03258933428838337,0.0,0.001512428377337796,0.0,2.2333975210963177,2.2333975210963146,14.11961407910647,0.0,0.0,0.0,0.0,0.0,0.0,0.0,74.27332662798328,74.06840204251387,66.86841583857387,66.88059825955962,148.34172867049713,876457.7000793554,875684.3931619792,876617.3775077001,1752142.0932413342,0.8764577000793554,0.8756843931619789,0.8766173775077,1.7521420932413339,0.0,0.0,0.0,0.0,0.0,0.0,0.0,0.0,0.0,0.0,0.0,0.0,0.0,0.0,compaction_wall_sum,rocksdb.compaction.times.micros,/home/1755_project/presentation/cpu/compaction_parallelism/final-speedup-cpu-8mb-sst_4sst/sst_8MB/input_4sst/value_64/subcomp_32/repeat_01,computation,253.72201617434993,281.8188219909511,3325585.2104004393,3.325585210400439,126160.2,2768.679064102591,1.9828715127701375,0.26558783772016253,0.0619647347740668
compactall,compactall,8,32,4,input_4sst,128,16,1,1,5,0.09067,90670.0,1.0,5.0,233017.0,33554432.0,6.0,35875080.0,35936952.0,1.0,1.0,1.0,0.09067,0.058185799999999996,0.024962596400000002,0.0075216036,27.46336829606455,8.30638257418984,64.2302491297456,64.2302491297456,35875080.0,35828256.0,232992.0,232883.0,233016.8888888889,33550848.0,33535152.0,377.76833693144374,377.2752753240974,353.2939313751957,353.33167126928265,755.0436122555411,2572607.8985116472,2571404.362506386,2572882.7120337454,5144012.261018033,2.5726078985116474,2.571404362506386,2.572882712033745,5.144012261018034,0.0,0.0,0.0,0.0,0.0,0.0,0.0,0.0,0.0,0.0,0.0,0.0,0.0,0.0,0.0030011339190379356,3001.133919037936,0.0,0.0,0.0,0.0,0.0,0.0,0.0,0.0,0.0,0.0,0.0030011339190379356,0.0007457963260837367,0.002690085285068903,5.2812921754434216e-05,2.160924074757128,0.3295475257438668,1.8446003522335026,1.844600352233506,0.0,0.0,0.0,0.0,2.9103830456733704e-11,0.0,0.0,13.035851281913377,13.01883694493002,12.191300058705956,12.192602369139655,26.054688226843385,88774.3378497058,88732.80679788606,88783.82098488195,177507.14464759204,0.08877433784970583,0.08873280679788609,0.08878382098488204,0.1775071446475919,0.0,0.0,0.0,0.0,0.0,0.0,0.0,0.0,0.0,0.0,0.0,0.0,0.0,0.0,compaction_wall_sum,rocksdb.compaction.times.micros,/home/1755_project/presentation/cpu/compaction_parallelism/final-speedup-cpu-8mb-sst_4sst/sst_8MB/input_4sst/value_128/subcomp_1/repeat_01,computation,353.2939313751957,377.76833693144374,2572607.8985116472,2.5726078985116474,90670.0,3001.133919037936,1.0,0.0,1.0
compactall,compactall,8,32,4,input_4sst,128,16,2,1,5,0.0528956,52895.6,1.0,5.0,233017.0,33554432.0,6.0,35875080.0,35936952.0,1.0,2.0,2.0,0.0528956,0.061929,0.0,0.0074868032,0.0,14.166280267317797,85.8337197326822,117.23616068834849,35875080.0,35829434.0,232992.0,232883.0,233016.8888888889,33550848.0,33535152.0,647.8812824611508,647.0569445357937,605.9071207617974,605.9718455377795,1294.9382269969446,4412081.007360572,4410016.915761709,4412552.318795989,8822097.923122281,4.412081007360572,4.410016915761709,4.41255231879599,8.822097923122282,0.0,0.0,0.0,0.0,0.0,0.0,0.0,0.0,0.0,0.0,0.0,0.0,0.0,0.0,0.002166144925899466,2166.1449258994653,0.0,0.0,0.0,0.0,0.0,0.0,0.0,0.0,0.0,0.0,0.002166144925899466,0.0006374401932730633,0.0,0.00026041382883894656,0.0,0.5029333901647919,0.5029333901647919,3.938767481583097,0.0,0.0,0.0,0.0,2.9103830456733704e-11,0.0,0.0,26.301299341722366,26.267834632800405,24.59732205242822,24.59994961052262,52.569133974522735,179112.23311421517,179028.43953585447,179131.36640835687,358140.6726500698,0.17911223311421504,0.17902843953585446,0.1791313664083568,0.35814067265006966,0.0,0.0,0.0,0.0,0.0,0.0,0.0,0.0,0.0,0.0,0.0,0.0,0.0,0.0,compaction_wall_sum,rocksdb.compaction.times.micros,/home/1755_project/presentation/cpu/compaction_parallelism/final-speedup-cpu-8mb-sst_4sst/sst_8MB/input_4sst/value_128/subcomp_2/repeat_01,computation,353.2939313751957,377.76833693144374,2572607.8985116472,2.5726078985116474,90670.0,3001.133919037936,1.714131232087357,0.09025824038076057,0.8570656160436785
compactall,compactall,8,32,4,input_4sst,128,16,4,1,5,0.035357,35357.0,1.0,5.0,233017.0,33554432.0,6.0,35875080.0,35936952.0,1.0,4.0,4.0,0.035357,0.0653884,0.0,0.0094117244,0.0,26.6639730659847,73.3360269340153,185.0463725888317,35875080.0,35831951.0,232992.0,232883.0,233016.8888888889,33550848.0,33535152.0,968.2913574501956,967.1272781518226,905.558849026265,905.655583478846,1935.4186356020182,6594078.303309478,6590993.413978253,6594782.702096628,13185071.71728773,6.594078303309478,6.590993413978254,6.594782702096627,13.18507171728773,0.0,0.0,0.0,0.0,0.0,0.0,0.0,0.0,0.0,0.0,0.0,0.0,0.0,0.0,0.00091330060768621,913.3006076862098,0.0,0.0,0.0,0.0,0.0,0.0,0.0,0.0,0.0,0.0,0.00091330060768621,0.002830909224966426,0.0,0.0019906357395576514,0.0,5.749678083625953,5.749678083625952,9.02740373539692,0.0,0.0,0.0,0.0,2.9103830456733704e-11,0.0,0.0,24.90533911684984,24.875397932864455,23.291801637735258,23.2942897363094,49.78073704971437,169605.7235700686,169526.37739565465,169623.84135097472,339132.10096572386,0.16960572357006853,0.16952637739565465,0.1696238413509747,0.33913210096572377,0.0,0.0,0.0,0.0,0.0,0.0,0.0,0.0,0.0,0.0,0.0,0.0,0.0,0.0,compaction_wall_sum,rocksdb.compaction.times.micros,/home/1755_project/presentation/cpu/compaction_parallelism/final-speedup-cpu-8mb-sst_4sst/sst_8MB/input_4sst/value_128/subcomp_4/repeat_01,computation,353.2939313751957,377.76833693144374,2572607.8985116472,2.5726078985116474,90670.0,3001.133919037936,2.5644144016743504,0.10766907727547854,0.6411036004185876
compactall,compactall,8,32,4,input_4sst,128,16,8,1,5,0.0467838,46783.8,1.0,5.0,233017.0,33554432.0,6.0,35875080.0,35936952.0,1.0,5.0,5.0,0.0467838,0.1109364,0.0,0.0107320804,0.0,22.958316569500457,77.04168343049955,232.85747119617344,35875080.0,35831799.0,232992.0,232883.0,233016.8888888889,33550848.0,33535152.0,748.3353302577868,747.4325113252886,699.8530712268463,699.927831584834,1495.7678415830756,5096174.541769178,5093790.412592841,5096718.930082632,10189964.954362018,5.0961745417691775,5.093790412592841,5.096718930082632,10.189964954362019,0.0,0.0,0.0,0.0,0.0,0.0,0.0,0.0,0.0,0.0,0.0,0.0,0.0,0.0,0.006926106334730936,6926.106334730936,0.0,0.0,0.0,0.0,0.0,0.0,0.0,0.0,0.0,0.0,0.006926106334730936,0.029282670742949653,0.0,0.001822906220503797,0.0,2.1441699500931453,2.1441699500931453,31.02596375142247,0.0,0.0,0.0,0.0,2.9103830456733704e-11,0.0,0.0,115.46383761300247,115.3245378440339,107.98330387696772,107.99483897024156,230.7883754570364,786310.422542329,785942.5651220866,786394.4185281945,1572252.987664415,0.786310422542329,0.7859425651220864,0.7863944185281947,1.5722529876644151,0.0,0.0,0.0,0.0,0.0,0.0,0.0,0.0,0.0,0.0,0.0,0.0,0.0,0.0,compaction_wall_sum,rocksdb.compaction.times.micros,/home/1755_project/presentation/cpu/compaction_parallelism/final-speedup-cpu-8mb-sst_4sst/sst_8MB/input_4sst/value_128/subcomp_8/repeat_01,computation,353.2939313751957,377.76833693144374,2572607.8985116472,2.5726078985116474,90670.0,3001.133919037936,1.9380640307114856,0.29400432696170475,0.2422580038389357
compactall,compactall,8,32,4,input_4sst,128,16,16,1,5,0.0458256,45825.6,1.0,5.0,233017.0,33554432.0,6.0,35875080.0,35936952.0,1.0,5.0,5.0,0.0458256,0.106316,0.0,0.0106254372,0.0,23.35902375031349,76.64097624968652,225.9463486609177,35875080.0,35831799.0,232992.0,232883.0,233016.8888888889,33550848.0,33535152.0,778.5432898980173,777.6040269854308,728.1039535183842,728.1817317184884,1556.147316883448,5301891.188642314,5299410.819618648,5302457.552211428,10601302.008260962,5.301891188642314,5.299410819618648,5.302457552211428,10.601302008260962,0.0,0.0,0.0,0.0,0.0,0.0,0.0,0.0,0.0,0.0,0.0,0.0,0.0,0.0,0.0094932788561171,9493.2788561171,0.0,0.0,0.0,0.0,0.0,0.0,0.0,0.0,0.0,0.0,0.0094932788561171,0.03806860421922506,0.0,0.0019337622858406768,0.0,1.7773264582604802,1.7773264582604815,37.07984287052032,0.0,0.0,0.0,0.0,2.9103830456733704e-11,0.0,0.0,156.30235755526203,156.11378871200517,146.17602637759273,146.19164132951695,312.41614626726715,1064421.340520213,1063923.3752419343,1064535.0451301355,2128344.715762148,1.064421340520213,1.0639233752419344,1.0645350451301356,2.1283447157621476,0.0,0.0,0.0,0.0,0.0,0.0,0.0,0.0,0.0,0.0,0.0,0.0,0.0,0.0,compaction_wall_sum,rocksdb.compaction.times.micros,/home/1755_project/presentation/cpu/compaction_parallelism/final-speedup-cpu-8mb-sst_4sst/sst_8MB/input_4sst/value_128/subcomp_16/repeat_01,computation,353.2939313751957,377.76833693144374,2572607.8985116472,2.5726078985116474,90670.0,3001.133919037936,1.9785883872769807,0.4150853700751224,0.1236617742048113
compactall,compactall,8,32,4,input_4sst,128,16,32,1,5,0.039269399999999996,39269.4,1.0,5.0,233017.0,33554432.0,6.0,35875080.0,35936952.0,1.0,5.0,5.0,0.039269399999999996,0.08527420000000001,0.0,0.010573981999999999,0.0,26.91989548147048,73.08010451852952,213.09971229378067,35875080.0,35831799.0,232992.0,232883.0,233016.8888888889,33550848.0,33535152.0,886.266756349352,885.1975319328054,828.8483601912565,828.9369002044008,1771.4642882821572,6035489.570388243,6032666.004071921,6036134.299088402,12068155.574460164,6.0354895703882425,6.032666004071922,6.036134299088401,12.068155574460164,0.0,0.0,0.0,0.0,0.0,0.0,0.0,0.0,0.0,0.0,0.0,0.0,0.0,0.0,0.005401727967974695,5401.727967974693,0.0,0.0,0.0,0.0,0.0,0.0,0.0,0.0,0.0,0.0,0.005401727967974695,0.027384416965858527,0.0,0.0028971110677629875,0.0,6.743413837162608,6.743413837162609,37.094943308674715,0.0,0.0,0.0,0.0,2.9103830456733704e-11,0.0,0.0,109.9197873384363,109.78717611315695,102.79843493545384,102.8094161658182,219.7069634515932,748555.3591033226,748205.1645295076,748635.3219825623,1496760.5236328302,0.7485553591033227,0.7482051645295076,0.7486353219825623,1.4967605236328296,0.0,0.0,0.0,0.0,0.0,0.0,0.0,0.0,0.0,0.0,0.0,0.0,0.0,0.0,compaction_wall_sum,rocksdb.compaction.times.micros,/home/1755_project/presentation/cpu/compaction_parallelism/final-speedup-cpu-8mb-sst_4sst/sst_8MB/input_4sst/value_128/subcomp_32/repeat_01,computation,353.2939313751957,377.76833693144374,2572607.8985116472,2.5726078985116474,90670.0,3001.133919037936,2.3089224688943553,0.32667080514583186,0.0721538271529486
compactall,compactall,8,32,4,input_4sst,256,16,1,1,5,0.06706,67060.0,1.0,5.0,123362.0,33554432.0,5.0,34802527.0,34860271.0,1.0,1.0,1.0,0.06706,0.0378802,0.021939909400000002,0.0072398906,32.66314961955114,10.816911199495646,56.519939180953216,56.51993918095322,34802527.0,34777339.0,123356.0,123318.0,123361.88235294117,33552832.0,33542496.0,496.07598754318434,495.7169572355795,478.26280744701546,478.28561388230884,991.792944778764,1843731.2558145649,1843163.2916480799,1843819.175964176,3686894.547462645,1.8437312558145653,1.8431632916480798,1.8438191759641758,3.686894547462645,0.0,0.0,0.0,0.0,0.0,0.0,0.0,0.0,0.0,0.0,0.0,0.0,0.0,0.0,0.003314446680820193,3314.446680820194,0.0,0.0,0.0,0.0,0.0,0.0,0.0,0.0,0.0,0.0,0.003314446680820193,0.0015572932158074786,0.0019535590581940027,7.736077618431725e-05,1.5035776951168782,0.4285798984538141,1.19887039294371,1.1988703929437179,0.0,0.0,0.0,0.0,0.0,0.0,0.0,23.115880094398175,23.099150194646406,22.28583117942802,22.286893901343337,46.215030289044606,85913.19012794089,85886.7244414331,85917.28698343753,171799.9145693739,0.08591319012794091,0.08588672444143311,0.08591728698343751,0.17179991456937388,0.0,0.0,0.0,0.0,0.0,0.0,0.0,0.0,0.0,0.0,0.0,0.0,0.0,0.0,compaction_wall_sum,rocksdb.compaction.times.micros,/home/1755_project/presentation/cpu/compaction_parallelism/final-speedup-cpu-8mb-sst_4sst/sst_8MB/input_4sst/value_256/subcomp_1/repeat_01,computation,478.26280744701546,496.07598754318434,1843731.2558145649,1.8437312558145653,67060.0,3314.446680820194,1.0,0.0,1.0
compactall,compactall,8,32,4,input_4sst,256,16,2,1,5,0.0417712,41771.2,1.0,5.0,123362.0,33554432.0,5.0,34802527.0,34860271.0,1.0,2.0,2.0,0.0417712,0.039862999999999996,0.0,0.007456537399999999,0.0,17.879447355539973,82.12055264446003,95.50327406134474,34802527.0,34778734.0,123356.0,123318.0,123361.88235294117,33552832.0,33542496.0,795.3512003055926,794.8074526889649,766.7915954738544,766.8281606899518,1590.1586529945575,2956026.7059396775,2955116.097498859,2956167.666998628,5911142.803438536,2.956026705939678,2.955116097498858,2.9561676669986285,5.911142803438536,0.0,0.0,0.0,0.0,0.0,0.0,0.0,0.0,0.0,0.0,0.0,0.0,0.0,0.0,0.0013027947497591477,1302.7947497591474,0.0,0.0,0.0,0.0,0.0,0.0,0.0,0.0,0.0,0.0,0.0013027947497591477,0.0003547652745126004,0.0,0.0003129999203613955,0.0,1.1402712259043701,1.140271225904372,2.346909244761725,0.0,0.0,0.0,0.0,0.0,0.0,0.0,24.948450555631293,24.931394366462353,24.052597391948126,24.053744363858772,49.879844922093696,92724.17780463016,92695.613983198,92728.59944881458,185419.79178782826,0.09272417780463023,0.09269561398319803,0.09272859944881455,0.1854197917878284,0.0,0.0,0.0,0.0,0.0,0.0,0.0,0.0,0.0,0.0,0.0,0.0,0.0,0.0,compaction_wall_sum,rocksdb.compaction.times.micros,/home/1755_project/presentation/cpu/compaction_parallelism/final-speedup-cpu-8mb-sst_4sst/sst_8MB/input_4sst/value_256/subcomp_2/repeat_01,computation,478.26280744701546,496.07598754318434,1843731.2558145649,1.8437312558145653,67060.0,3314.446680820194,1.6054123415176007,0.0938250921236142,0.8027061707588004
compactall,compactall,8,32,4,input_4sst,256,16,4,1,5,0.0303338,30333.8,1.0,5.0,123362.0,33554432.0,5.0,34802527.0,34860271.0,1.0,4.0,4.0,0.0303338,0.0417138,0.0,0.008163795400000002,0.0,26.923642279161157,73.07635772083884,137.56621579288827,34802527.0,34781395.0,123356.0,123318.0,123361.88235294117,33552832.0,33542496.0,1095.7842142904124,1095.1188570875752,1056.4366102018453,1056.4869874271217,2190.9030713779875,4072625.275658126,4071370.6973605556,4072819.482824932,8143995.973018682,4.072625275658126,4.071370697360556,4.072819482824933,8.143995973018681,0.0,0.0,0.0,0.0,0.0,0.0,0.0,0.0,0.0,0.0,0.0,0.0,0.0,0.0,0.0011683594309971571,1168.359430997157,0.0,0.0,0.0,0.0,0.0,0.0,0.0,0.0,0.0,0.0,0.0011683594309971571,0.0019980760145700163,0.0,0.000492926780216941,0.0,1.4554956172177695,1.4554956172177733,5.2907703103415455,0.0,0.0,0.0,0.0,0.0,0.0,0.0,41.969606702799155,41.94412287144281,40.4625549979487,40.46448449492819,83.91372957424187,155985.52966738632,155937.4780920486,155992.96799174204,311923.0077594349,0.15598552966738652,0.1559374780920485,0.15599296799174223,0.3119230077594347,0.0,0.0,0.0,0.0,0.0,0.0,0.0,0.0,0.0,0.0,0.0,0.0,0.0,0.0,compaction_wall_sum,rocksdb.compaction.times.micros,/home/1755_project/presentation/cpu/compaction_parallelism/final-speedup-cpu-8mb-sst_4sst/sst_8MB/input_4sst/value_256/subcomp_4/repeat_01,computation,478.26280744701546,496.07598754318434,1843731.2558145649,1.8437312558145653,67060.0,3314.446680820194,2.2107352194581624,0.13852650819510154,0.5526838048645406
compactall,compactall,8,32,4,input_4sst,256,16,8,1,5,0.040988800000000006,40988.8,1.0,5.0,123362.0,33554432.0,5.0,34802527.0,34860271.0,1.0,5.0,5.0,0.040988800000000006,0.0847886,0.0,0.0117946688,0.0,28.752488465003683,71.24751153499632,204.05941944631894,34802527.0,34779910.0,123356.0,123318.0,123361.88235294117,33552832.0,33542496.0,820.6007429522735,820.0674619349684,791.1344732913452,791.1721993216627,1640.668204887242,3049869.931860094,3048930.4148734,3050015.367926146,6098800.346733494,3.049869931860094,3.048930414873399,3.0500153679261457,6.098800346733493,0.0,0.0,0.0,0.0,0.0,0.0,0.0,0.0,0.0,0.0,0.0,0.0,0.0,0.0,0.004532819934654365,4532.819934654364,0.0,0.0,0.0,0.0,0.0,0.0,0.0,0.0,0.0,0.0,0.004532819934654365,0.019088127478618745,0.0,0.0015192902731173395,0.0,1.6543017311000017,1.6543017311000001,25.86481207519676,0.0,0.0,0.0,0.0,0.0,0.0,0.0,98.69019766007028,98.62606219655993,95.14641342380492,95.15095057469212,197.31625985663027,366795.0205966164,366682.02884280885,366812.5115801778,733477.0494394251,0.3667950205966164,0.36668202884280887,0.3668125115801778,0.733477049439425,0.0,0.0,0.0,0.0,0.0,0.0,0.0,0.0,0.0,0.0,0.0,0.0,0.0,0.0,compaction_wall_sum,rocksdb.compaction.times.micros,/home/1755_project/presentation/cpu/compaction_parallelism/final-speedup-cpu-8mb-sst_4sst/sst_8MB/input_4sst/value_256/subcomp_8/repeat_01,computation,478.26280744701546,496.07598754318434,1843731.2558145649,1.8437312558145653,67060.0,3314.446680820194,1.63605667889765,0.19817420557337165,0.20450708486220626
compactall,compactall,8,32,4,input_4sst,256,16,16,1,5,0.039577799999999996,39577.8,1.0,5.0,123362.0,33554432.0,5.0,34802527.0,34860271.0,1.0,5.0,5.0,0.039577799999999996,0.0800304,0.0,0.0105495806,0.0,26.727052367848938,73.27294763215106,199.06402774119277,34802527.0,34779910.0,123356.0,123318.0,123361.88235294117,33552832.0,33542496.0,854.9658781349888,854.4102643640181,824.265619413089,824.3049253348978,1709.3761424990068,3177592.4490503646,3176613.586951529,3177743.975691051,6354206.036001894,3.1775924490503646,3.1766135869515293,3.177743975691051,6.3542060360018935,0.0,0.0,0.0,0.0,0.0,0.0,0.0,0.0,0.0,0.0,0.0,0.0,0.0,0.0,0.005103025510420265,5103.025510420264,0.0,0.0,0.0,0.0,0.0,0.0,0.0,0.0,0.0,0.0,0.005103025510420265,0.018606278710155882,0.0,0.0013988351677035574,0.0,1.77759908294918,1.7775990829491803,25.99339814945665,0.0,0.0,0.0,0.0,0.0,0.0,0.0,127.52942409507885,127.44654698144973,122.95007605967612,122.95593905573249,254.97597107652862,473979.77556746686,473833.76538983826,474002.37776214624,947813.5409573052,0.47397977556746684,0.47383376538983824,0.47400237776214627,0.9478135409573054,0.0,0.0,0.0,0.0,0.0,0.0,0.0,0.0,0.0,0.0,0.0,0.0,0.0,0.0,compaction_wall_sum,rocksdb.compaction.times.micros,/home/1755_project/presentation/cpu/compaction_parallelism/final-speedup-cpu-8mb-sst_4sst/sst_8MB/input_4sst/value_256/subcomp_16/repeat_01,computation,478.26280744701546,496.07598754318434,1843731.2558145649,1.8437312558145653,67060.0,3314.446680820194,1.694384225500154,0.2339691061298767,0.10589901409375962
compactall,compactall,8,32,4,input_4sst,256,16,32,1,5,0.0350918,35091.8,1.0,5.0,123362.0,33554432.0,5.0,34802527.0,34860271.0,1.0,5.0,5.0,0.0350918,0.06677960000000001,0.0,0.0118848444,0.0,34.7886947441986,65.21130525580139,186.40673158210444,34802527.0,34779910.0,123356.0,123318.0,123361.88235294117,33552832.0,33542496.0,977.2867676826014,976.6516616506551,942.1941898609073,942.2391193233079,1953.9384293332564,3632214.025101437,3631095.11614724,3632387.230821901,7263309.141248678,3.6322140251014368,3.6310951161472405,3.6323872308219007,7.263309141248678,0.0,0.0,0.0,0.0,0.0,0.0,0.0,0.0,0.0,0.0,0.0,0.0,0.0,0.0,0.00609870928639823,6098.70928639823,0.0,0.0,0.0,0.0,0.0,0.0,0.0,0.0,0.0,0.0,0.00609870928639823,0.019149264556112853,0.0,0.0020572859845626327,0.0,8.03180317305828,8.031803173058282,24.935254409032073,0.0,0.0,0.0,0.0,0.0,0.0,0.0,182.03386315895372,181.9155654306575,175.49736054750747,175.5057293128288,363.9494285896113,676552.6482847913,676344.2352312321,676584.9103673854,1352896.8835160232,0.6765526482847913,0.6763442352312322,0.6765849103673854,1.3528968835160236,0.0,0.0,0.0,0.0,0.0,0.0,0.0,0.0,0.0,0.0,0.0,0.0,0.0,0.0,compaction_wall_sum,rocksdb.compaction.times.micros,/home/1755_project/presentation/cpu/compaction_parallelism/final-speedup-cpu-8mb-sst_4sst/sst_8MB/input_4sst/value_256/subcomp_32/repeat_01,computation,478.26280744701546,496.07598754318434,1843731.2558145649,1.8437312558145653,67060.0,3314.446680820194,1.9109877521244278,0.3452856492923418,0.05971836725388837
compactall,compactall,8,32,4,input_4sst,512,16,1,1,5,0.056088400000000004,56088.4,1.0,5.0,63551.0,33554432.0,5.0,34227253.0,34285139.0,1.0,1.0,1.0,0.056088400000000004,0.0286594,0.020048184599999998,0.0073808154,35.84794047497715,13.189798526186745,50.9622609988361,50.9622609988361,34227253.0,34212836.0,63548.0,63539.0,63550.06060606061,33553344.0,33548592.0,585.0902577718913,584.8438095323467,573.57026840772,573.5888669847211,1169.934067304238,1139075.7912232832,1138914.4693544437,1139112.7268700209,2277990.2605777266,1.139075791223283,1.1389144693544435,1.1391127268700207,2.2779902605777265,0.0,0.0,0.0,0.0,0.0,0.0,0.0,0.0,0.0,0.0,0.0,0.0,0.0,0.0,0.004199640584621498,4199.640584621498,0.0,0.0,0.0,0.0,0.0,0.0,0.0,0.0,0.0,0.0,0.004199640584621498,0.0034382564534949965,0.0015028340720902758,0.00039848011573407287,2.740933178830179,0.5972975214669999,2.6439317101048108,2.6439317101048103,0.0,0.0,0.0,0.0,0.0,0.0,0.0,41.77963766580507,41.76203949524116,40.95702786303403,40.95835593472533,83.54167716104624,81338.17509187268,81326.655554266,81340.81256176237,162664.8306461387,0.08133817509187267,0.08132665555426602,0.08134081256176237,0.1626648306461387,0.0,0.0,0.0,0.0,0.0,0.0,0.0,0.0,0.0,0.0,0.0,0.0,0.0,0.0,compaction_wall_sum,rocksdb.compaction.times.micros,/home/1755_project/presentation/cpu/compaction_parallelism/final-speedup-cpu-8mb-sst_4sst/sst_8MB/input_4sst/value_512/subcomp_1/repeat_01,computation,573.57026840772,585.0902577718913,1139075.7912232832,1.139075791223283,56088.4,4199.640584621498,1.0,0.0,1.0
compactall,compactall,8,32,4,input_4sst,512,16,2,1,5,0.0347538,34753.8,1.0,5.0,63551.0,33554432.0,5.0,34227253.0,34285139.0,1.0,2.0,2.0,0.0347538,0.027984,0.0002878889999999999,0.007145058,0.757320050481092,20.632749256604818,78.60993069291409,80.6497320668877,34227253.0,34212809.0,63548.0,63539.0,63550.06060606061,33553344.0,33548592.0,944.4641487758454,944.0655821668067,925.8683564101133,925.8983785972245,1888.5297309426521,1838718.442596763,1838458.0336777824,1838778.0648408395,3677176.4762745453,1.8387184425967633,1.8384580336777827,1.8387780648408394,3.6771764762745454,0.0,0.0,0.0,0.0,0.0,0.0,0.0,0.0,0.0,0.0,0.0,0.0,0.0,0.0,0.0026167477066006955,2616.7477066006954,0.0,0.0,0.0,0.0,0.0,0.0,0.0,0.0,0.0,0.0,0.0026167477066006955,0.0016377511410467713,0.00043957655258669093,0.0002039872914296378,1.1229936216436547,0.9936042601579114,0.5552860298347535,2.525195146397738,0.0,0.0,0.0,0.0,0.0,0.0,0.0,69.85346120792748,69.82398284477385,68.47809882669365,68.48031929603123,139.67744405270136,135993.3540820059,135974.09399220397,135997.76379953642,271967.44807420997,0.13599335408200586,0.13597409399220392,0.13599776379953643,0.27196744807421,0.0,0.0,0.0,0.0,0.0,0.0,0.0,0.0,0.0,0.0,0.0,0.0,0.0,0.0,compaction_wall_sum,rocksdb.compaction.times.micros,/home/1755_project/presentation/cpu/compaction_parallelism/final-speedup-cpu-8mb-sst_4sst/sst_8MB/input_4sst/value_512/subcomp_2/repeat_01,computation,573.57026840772,585.0902577718913,1139075.7912232832,1.139075791223283,56088.4,4199.640584621498,1.6138781946146896,0.17137143677549238,0.8069390973073448
compactall,compactall,8,32,4,input_4sst,512,16,4,1,5,0.0265742,26574.2,1.0,5.0,63551.0,33554432.0,5.0,34227253.0,34285139.0,1.0,4.0,4.0,0.0265742,0.0309674,0.0,0.0096597676,0.0,36.242324818626784,63.757675181373216,116.67812236323661,34227253.0,34215461.0,63548.0,63539.0,63550.06060606061,33553344.0,33548592.0,1237.5577708766891,1237.1314065045854,1213.1911844078963,1213.2305233187553,2474.689177381274,2409324.165495633,2408982.94441095,2409402.290188423,4818307.109906583,2.4093241654956334,2.40898294441095,2.409402290188423,4.818307109906582,0.0,0.0,0.0,0.0,0.0,0.0,0.0,0.0,0.0,0.0,0.0,0.0,0.0,0.0,0.0022515524777361956,2251.552477736195,0.0,0.0,0.0,0.0,0.0,0.0,0.0,0.0,0.0,0.0,0.0022515524777361956,0.003290422137051718,0.0,0.0031843530847414274,0.0,10.893807577024289,10.893807577024289,9.349728813450119,0.0,0.0,0.0,0.0,0.0,0.0,0.0,109.36775350311576,109.33007403905506,107.21438427434565,107.21786080562934,218.69782754217087,212921.26932737933,212891.1143040276,212928.1735078099,425812.3836314067,0.21292126932737943,0.2128911143040277,0.21292817350780988,0.4258123836314068,0.0,0.0,0.0,0.0,0.0,0.0,0.0,0.0,0.0,0.0,0.0,0.0,0.0,0.0,compaction_wall_sum,rocksdb.compaction.times.micros,/home/1755_project/presentation/cpu/compaction_parallelism/final-speedup-cpu-8mb-sst_4sst/sst_8MB/input_4sst/value_512/subcomp_4/repeat_01,computation,573.57026840772,585.0902577718913,1139075.7912232832,1.139075791223283,56088.4,4199.640584621498,2.110633622084578,0.2386508790712284,0.5276584055211445
compactall,compactall,8,32,4,input_4sst,512,16,8,1,5,0.0332254,33225.4,1.0,5.0,63551.0,33554432.0,5.0,34227253.0,34285139.0,1.0,5.0,5.0,0.0332254,0.0528342,0.0,0.0103031206,0.0,30.94858694518306,69.05141305481695,158.2764306581268,34227253.0,34215382.0,63548.0,63539.0,63550.06060606061,33553344.0,33548592.0,986.4458228901891,986.1036949851677,967.0234427751941,967.0547994562372,1972.5495178753567,1920449.949870155,1920177.965707808,1920512.222338302,3840627.915577963,1.920449949870155,1.9201779657078082,1.9205122223383022,3.8406279155779637,0.0,0.0,0.0,0.0,0.0,0.0,0.0,0.0,0.0,0.0,0.0,0.0,0.0,0.0,0.0021819241600018993,2181.924160001901,0.0,0.0,0.0,0.0,0.0,0.0,0.0,0.0,0.0,0.0,0.0021819241600018993,0.008027402279691731,0.0,0.0010046758803221266,0.0,1.0143495020297637,1.0143495020297641,14.889336334714002,0.0,0.0,0.0,0.0,0.0,0.0,0.0,61.23551493885347,61.21427669347514,60.02983347102056,60.03177999709006,122.44979163232858,119215.6111017213,119198.72716359714,119219.47678452407,238414.33826531842,0.11921561110172135,0.11919872716359711,0.11921947678452409,0.23841433826531852,0.0,0.0,0.0,0.0,0.0,0.0,0.0,0.0,0.0,0.0,0.0,0.0,0.0,0.0,compaction_wall_sum,rocksdb.compaction.times.micros,/home/1755_project/presentation/cpu/compaction_parallelism/final-speedup-cpu-8mb-sst_4sst/sst_8MB/input_4sst/value_512/subcomp_8/repeat_01,computation,573.57026840772,585.0902577718913,1139075.7912232832,1.139075791223283,56088.4,4199.640584621498,1.6881181264935863,0.16812605911758552,0.21101476581169828
compactall,compactall,8,32,4,input_4sst,512,16,16,1,5,0.0326172,32617.2,1.0,5.0,63551.0,33554432.0,5.0,34227253.0,34285139.0,1.0,5.0,5.0,0.0326172,0.0515378,0.0,0.0107886002,0.0,32.95325844620077,67.04674155379922,155.1703959138682,34227253.0,34215382.0,63548.0,63539.0,63550.06060606061,33553344.0,33548592.0,1025.0433700553674,1024.6878554060927,1004.861033118464,1004.8936167203854,2049.7312254614603,1995593.1111045957,1995310.4847748927,1995657.820163248,3990903.5958794886,1.9955931111045957,1.9953104847748928,1.9956578201632478,3.9909035958794883,0.0,0.0,0.0,0.0,0.0,0.0,0.0,0.0,0.0,0.0,0.0,0.0,0.0,0.0,0.004794287116975787,4794.287116975786,0.0,0.0,0.0,0.0,0.0,0.0,0.0,0.0,0.0,0.0,0.004794287116975787,0.013680137519776621,0.0,0.0025273055927434967,0.0,4.704477877688307,4.704477877688307,20.603487155881606,0.0,0.0,0.0,0.0,0.0,0.0,0.0,166.3863237496362,166.32861616646466,163.1103015385697,163.11559054964633,332.7149399161009,323927.173382779,323881.29712293687,323937.677038231,647808.4705057156,0.32392717338277893,0.3238812971229369,0.32393767703823095,0.6478084705057156,0.0,0.0,0.0,0.0,0.0,0.0,0.0,0.0,0.0,0.0,0.0,0.0,0.0,0.0,compaction_wall_sum,rocksdb.compaction.times.micros,/home/1755_project/presentation/cpu/compaction_parallelism/final-speedup-cpu-8mb-sst_4sst/sst_8MB/input_4sst/value_512/subcomp_16/repeat_01,computation,573.57026840772,585.0902577718913,1139075.7912232832,1.139075791223283,56088.4,4199.640584621498,1.7195957960830481,0.28366214785137184,0.10747473725519051
compactall,compactall,8,32,4,input_4sst,512,16,32,1,5,0.0345352,34535.2,1.0,5.0,63551.0,33554432.0,5.0,34227253.0,34285139.0,1.0,5.0,5.0,0.0345352,0.0523838,0.0,0.0121720448,0.0,34.78232576702551,65.21767423297449,148.22332634894698,34227253.0,34215382.0,63548.0,63539.0,63550.06060606061,33553344.0,33548592.0,969.881900733952,969.5455176755859,950.785651851761,950.8164820065504,1939.427418409538,1888202.681204758,1887935.2640691935,1888263.9080236752,3776137.9452739516,1.888202681204758,1.8879352640691938,1.888263908023675,3.776137945273952,0.0,0.0,0.0,0.0,0.0,0.0,0.0,0.0,0.0,0.0,0.0,0.0,0.0,0.0,0.005376153695719647,5376.153695719646,0.0,0.0,0.0,0.0,0.0,0.0,0.0,0.0,0.0,0.0,0.005376153695719647,0.0168261677799789,0.0,0.0035384155168245793,0.0,6.3583244406070305,6.35832444060703,24.814076082845382,0.0,0.0,0.0,0.0,0.0,0.0,0.0,161.0157685712061,160.95992365169977,157.84548857292364,157.85060686728997,321.9756922229058,313471.5739125794,313427.17842939805,313481.73853499134,626898.7523419777,0.31347157391257946,0.3134271784293981,0.3134817385349913,0.6268987523419778,0.0,0.0,0.0,0.0,0.0,0.0,0.0,0.0,0.0,0.0,0.0,0.0,0.0,0.0,compaction_wall_sum,rocksdb.compaction.times.micros,/home/1755_project/presentation/cpu/compaction_parallelism/final-speedup-cpu-8mb-sst_4sst/sst_8MB/input_4sst/value_512/subcomp_32/repeat_01,computation,573.57026840772,585.0902577718913,1139075.7912232832,1.139075791223283,56088.4,4199.640584621498,1.6240936783339899,0.28055016151963375,0.050752927447937184
compactall,compactall,8,32,4,input_4sst,1024,16,1,1,5,0.0481592,48159.2,1.0,5.0,32264.0,33554432.0,5.0,33916944.0,33974997.0,1.0,1.0,1.0,0.0481592,0.020409,0.0205221648,0.007228035199999999,42.51526140950934,15.066574757289118,42.41816383320154,42.41816383320153,33916944.0,33906829.0,32264.0,32261.0,32263.876923076925,33554560.0,33551440.0,673.501691553834,673.3008341413836,666.3056942672847,666.3031525224708,1346.8025256952176,671800.153530781,671737.687610232,671797.5908263484,1343537.8411410132,0.671800153530781,0.6717376876102321,0.6717975908263483,1.343537841141013,0.0,0.0,0.0,0.0,0.0,0.0,0.0,0.0,0.0,0.0,0.0,0.0,0.0,0.0,0.0025359027110675985,2535.9027110675993,0.0,0.0,0.0,0.0,0.0,0.0,0.0,0.0,0.0,0.0,0.0025359027110675985,0.0008715216577917041,0.0020420635020089264,0.0001648309514531782,2.2039253283588547,1.111708100717019,1.2827396269410465,1.2827396269410474,0.0,0.0,0.0,0.0,0.0,0.0,0.0,35.35358256133937,35.343039114747974,34.97584886390164,34.97571544213558,70.6966216760873,35264.26509453319,35260.9861212105,35264.13057255073,70525.25121574367,0.03526426509453318,0.035260986121210515,0.03526413057255071,0.0705252512157437,0.0,0.0,0.0,0.0,0.0,0.0,0.0,0.0,0.0,0.0,0.0,0.0,0.0,0.0,compaction_wall_sum,rocksdb.compaction.times.micros,/home/1755_project/presentation/cpu/compaction_parallelism/final-speedup-cpu-8mb-sst_4sst/sst_8MB/input_4sst/value_1024/subcomp_1/repeat_01,read,666.3056942672847,673.501691553834,671800.153530781,0.671800153530781,48159.2,2535.9027110675993,1.0,0.0,1.0
compactall,compactall,8,32,4,input_4sst,1024,16,2,1,5,0.031102,31102.0,1.0,5.0,32264.0,33554432.0,5.0,33916944.0,33974997.0,1.0,2.0,2.0,0.031102,0.020515600000000002,0.0031373845999999998,0.0074490154,9.167800823943628,24.25326825571154,66.57893092034485,66.57893092034483,33916944.0,33906814.0,32264.0,32261.0,32263.876923076925,33554560.0,33551440.0,1050.7924424438768,1050.4786014491824,1039.565299796161,1039.5613341843823,2101.271043893059,1048137.7151914034,1048040.2563163235,1048133.7168785796,2096177.971507727,1.0481377151914033,1.0480402563163236,1.0481337168785796,2.096177971507727,0.0,0.0,0.0,0.0,0.0,0.0,0.0,0.0,0.0,0.0,0.0,0.0,0.0,0.0,0.00333339868602602,3333.3986860260206,0.0,0.0,0.0,0.0,0.0,0.0,0.0,0.0,0.0,0.0,0.00333339868602602,0.000288713421925618,0.003311658207726794,0.0002302252524903381,8.618536342530472,2.871178056421049,5.774524151658703,5.774524151658702,0.0,0.0,0.0,0.0,0.0,0.0,0.0,101.0449630065246,101.014783828965,99.96535283073294,99.96497149462952,202.05974683548962,100789.68250946018,100780.31079338261,100789.29802880062,201569.99330284278,0.10078968250946017,0.10078031079338261,0.10078929802880064,0.20156999330284284,0.0,0.0,0.0,0.0,0.0,0.0,0.0,0.0,0.0,0.0,0.0,0.0,0.0,0.0,compaction_wall_sum,rocksdb.compaction.times.micros,/home/1755_project/presentation/cpu/compaction_parallelism/final-speedup-cpu-8mb-sst_4sst/sst_8MB/input_4sst/value_1024/subcomp_2/repeat_01,computation,666.3056942672847,673.501691553834,671800.153530781,0.671800153530781,48159.2,2535.9027110675993,1.5484277538421964,0.1849025876687267,0.7742138769210982
compactall,compactall,8,32,4,input_4sst,1024,16,4,1,5,0.025207800000000002,25207.8,1.0,5.0,32264.0,33554432.0,5.0,33916944.0,33974997.0,1.0,4.0,4.0,0.025207800000000002,0.0252882,0.0,0.011435982,0.0,44.930839468305265,55.06916053169473,100.0555414981718,33916944.0,33909257.0,32264.0,32261.0,32263.876923076925,33554560.0,33551440.0,1302.3996195005632,1302.1044412004455,1288.484191751144,1288.479276592771,2604.5040607010087,1299109.2306246613,1298988.4356924805,1299104.2749351359,2598097.6663171416,1.2991092306246612,1.2989884356924806,1.2991042749351358,2.598097666317142,0.0,0.0,0.0,0.0,0.0,0.0,0.0,0.0,0.0,0.0,0.0,0.0,0.0,0.0,0.003039347390477107,3039.347390477107,0.0,0.0,0.0,0.0,0.0,0.0,0.0,0.0,0.0,0.0,0.003039347390477107,0.00551368096284143,0.0,0.003383416777195975,0.0,9.567788132445182,9.567788132445182,14.778448565271836,0.0,0.0,0.0,0.0,0.0,0.0,0.0,159.85488801421502,159.8186582016421,158.14692594846576,158.14632266812112,319.6735462158571,159451.02983013308,159436.20361238296,159450.42157504588,318887.23344251595,0.159451029830133,0.15943620361238292,0.15945042157504585,0.31888723344251596,0.0,0.0,0.0,0.0,0.0,0.0,0.0,0.0,0.0,0.0,0.0,0.0,0.0,0.0,compaction_wall_sum,rocksdb.compaction.times.micros,/home/1755_project/presentation/cpu/compaction_parallelism/final-speedup-cpu-8mb-sst_4sst/sst_8MB/input_4sst/value_1024/subcomp_4/repeat_01,computation,666.3056942672847,673.501691553834,671800.153530781,0.671800153530781,48159.2,2535.9027110675993,1.9104880235482669,0.2513599677428962,0.4776220058870667
compactall,compactall,8,32,4,input_4sst,1024,16,8,1,5,0.026568,26568.0,1.0,5.0,32264.0,33554432.0,5.0,33916944.0,33974997.0,1.0,4.0,4.0,0.026568,0.030520800000000004,0.0,0.0119300862,0.0,44.08165111866107,55.91834888133893,110.85177872260324,33916944.0,33909362.0,32264.0,32261.0,32263.876923076925,33554560.0,33551440.0,1258.788635800653,1258.5072385309982,1245.3391675644823,1245.3344169906873,2517.2958743316512,1255608.4259308602,1255491.6758292674,1255603.6361831026,2511100.1017601276,1.2556084259308604,1.2554916758292674,1.2556036361831027,2.5111001017601273,0.0,0.0,0.0,0.0,0.0,0.0,0.0,0.0,0.0,0.0,0.0,0.0,0.0,0.0,0.004935936790519101,4935.9367905191,0.0,0.0,0.0,0.0,0.0,0.0,0.0,0.0,0.0,0.0,0.004935936790519101,0.014306508608322298,0.0,0.004371023911394693,0.0,11.43157821953161,11.43157821953161,30.17428145199622,0.0,0.0,0.0,0.0,0.0,0.0,0.0,224.7912906859294,224.74103947326168,222.38951866649472,222.38867032104218,449.532330159191,224223.37685119078,224202.5279133481,224222.52151015107,448425.9047645389,0.2242233768511908,0.22420252791334816,0.224222521510151,0.4484259047645389,0.0,0.0,0.0,0.0,0.0,0.0,0.0,0.0,0.0,0.0,0.0,0.0,0.0,0.0,compaction_wall_sum,rocksdb.compaction.times.micros,/home/1755_project/presentation/cpu/compaction_parallelism/final-speedup-cpu-8mb-sst_4sst/sst_8MB/input_4sst/value_1024/subcomp_8/repeat_01,computation,666.3056942672847,673.501691553834,671800.153530781,0.671800153530781,48159.2,2535.9027110675993,1.8126769045468232,0.35003350971490754,0.2265846130683529
compactall,compactall,8,32,4,input_4sst,1024,16,16,1,5,0.0300734,30073.4,1.0,5.0,32264.0,33554432.0,5.0,33916944.0,33974997.0,1.0,4.0,4.0,0.0300734,0.0333074,0.0,0.0100105096,0.0,32.669744246586276,67.33025575341372,107.8827293659621,33916944.0,33909362.0,32264.0,32261.0,32263.876923076925,33554560.0,33551440.0,1095.6416918110667,1095.3967654017972,1083.9353594585627,1083.9312245890842,2191.0384572128637,1092873.657191944,1092772.038639639,1092869.488225696,2185645.695831583,1.0928736571919442,1.092772038639639,1.092869488225696,2.185645695831583,0.0,0.0,0.0,0.0,0.0,0.0,0.0,0.0,0.0,0.0,0.0,0.0,0.0,0.0,0.004273768950235846,4273.768950235845,0.0,0.0,0.0,0.0,0.0,0.0,0.0,0.0,0.0,0.0,0.004273768950235846,0.011564340320139322,0.0,0.0030061246695714146,0.0,4.910711721126324,4.910711721126323,21.84297324606276,0.0,0.0,0.0,0.0,0.0,0.0,0.0,142.1021368291724,142.07037045300837,140.5838532021834,140.5833169193888,284.1725072821808,141743.12928397374,141729.94959801258,141742.58857890865,283473.0788819863,0.14174312928397373,0.14172994959801255,0.14174258857890865,0.28347307888198636,0.0,0.0,0.0,0.0,0.0,0.0,0.0,0.0,0.0,0.0,0.0,0.0,0.0,0.0,compaction_wall_sum,rocksdb.compaction.times.micros,/home/1755_project/presentation/cpu/compaction_parallelism/final-speedup-cpu-8mb-sst_4sst/sst_8MB/input_4sst/value_1024/subcomp_16/repeat_01,computation,666.3056942672847,673.501691553834,671800.153530781,0.671800153530781,48159.2,2535.9027110675993,1.6013886025524215,0.24269537467057964,0.10008678765952635
compactall,compactall,8,32,4,input_4sst,1024,16,32,1,5,0.031225800000000005,31225.8,1.0,5.0,32264.0,33554432.0,5.0,33916944.0,33974997.0,1.0,4.0,4.0,0.031225800000000005,0.0449414,0.0,0.0115039268,0.0,37.404727158559034,62.595272841440966,134.78334118706644,33916944.0,33909362.0,32264.0,32261.0,32263.876923076925,33554560.0,33551440.0,1113.860634575148,1113.6116353925759,1101.9596427817871,1101.9554391553866,2227.4722699677236,1111046.5715284185,1110943.2632059976,1111042.3332382678,2221989.834734416,1.1110465715284186,1.1109432632059977,1.111042333238268,2.221989834734416,0.0,0.0,0.0,0.0,0.0,0.0,0.0,0.0,0.0,0.0,0.0,0.0,0.0,0.0,0.009878106810517893,9878.106810517893,0.0,0.0,0.0,0.0,0.0,0.0,0.0,0.0,0.0,0.0,0.009878106810517893,0.026634893591677818,0.0,0.002892162022650556,0.0,2.131255694323904,2.131255694323904,31.16673276004719,0.0,0.0,0.0,0.0,0.0,0.0,0.0,248.9517787435585,248.89612654840684,246.29186512079204,246.2909255954716,497.84790529196533,248322.82573163422,248299.7359573597,248321.8784588435,496622.561688994,0.2483228257316342,0.2482997359573597,0.2483218784588435,0.496622561688994,0.0,0.0,0.0,0.0,0.0,0.0,0.0,0.0,0.0,0.0,0.0,0.0,0.0,0.0,compaction_wall_sum,rocksdb.compaction.times.micros,/home/1755_project/presentation/cpu/compaction_parallelism/final-speedup-cpu-8mb-sst_4sst/sst_8MB/input_4sst/value_1024/subcomp_32/repeat_01,computation,666.3056942672847,673.501691553834,671800.153530781,0.671800153530781,48159.2,2535.9027110675993,1.5422887484067662,0.4946072172536031,0.048196523387711444
